date,close
5/15/2023,1818.31
5/14/2023,1821.64
5/11/2023,1838.59
5/10/2023,1841.93
5/9/2023,1844.36
5/8/2023,1833.69
5/7/2023,1850.61
5/4/2023,1869.73
5/3/2023,1857.23
5/2/2023,1866.4
4/30/2023,1870.65
4/27/2023,1889.73
4/26/2023,1892
4/25/2023,1905.68
4/24/2023,1888.32
4/23/2023,1885.6
4/20/2023,1904.4
4/19/2023,1920.12
4/18/2023,1904.98
4/17/2023,1908.04
4/16/2023,1931.68
4/13/2023,1934.47
4/12/2023,1963.55
4/11/2023,1871.33
4/10/2023,1844.02
4/9/2023,1838.48
4/6/2023,1866.79
4/5/2023,1875.07
4/4/2023,1866.68
4/3/2023,1871.88
4/2/2023,1888.55
3/30/2023,1908.55
3/29/2023,1919.42
3/28/2023,1918.1
3/27/2023,1906
3/26/2023,1888.27
3/23/2023,1915.14
3/22/2023,1933.29
3/20/2023,1949.06
3/19/2023,1926.4
3/16/2023,1933.31
3/15/2023,1938.62
3/14/2023,1953.06
3/13/2023,1951.21
3/12/2023,1975.89
3/9/2023,2002.7
3/7/2023,1952.66
3/5/2023,1938.25
3/2/2023,1967.4503
3/1/2023,1995.49
2/28/2023,2019.93
2/27/2023,2023.54
2/26/2023,2027.19
2/23/2023,2022.64
2/22/2023,2080.38
2/20/2023,2046.81
2/16/2023,2070.41
2/15/2023,2091.56
2/14/2023,2105.46
2/12/2023,2121.75
2/9/2023,2182.61
2/8/2023,2170.21
2/7/2023,2177.34
2/6/2023,2100.7
2/5/2023,2096.08
2/2/2023,2094.54
2/1/2023,2116.65
1/31/2023,2111.68
1/30/2023,2127.52
1/29/2023,2168.53
1/26/2023,2183.21
1/25/2023,2183.62
1/24/2023,2173.25
1/23/2023,2165.1
1/19/2023,2178.81
1/18/2023,2173.1
1/17/2023,2182.11
1/12/2023,2149.39
1/10/2023,2190.42
1/9/2023,2211.76
1/8/2023,2164.61
1/5/2023,2143.93
1/4/2023,2125.84
1/3/2023,2061.06
1/2/2023,2064.09
1/1/2023,2046.26
12/29/2022,2029.03
12/28/2022,1972.15
12/27/2022,1983.95
12/26/2022,1924.09
12/22/2022,1867.21
12/21/2022,1867.22
12/20/2022,1873.11
12/19/2022,1858.89
12/18/2022,1855.06
12/15/2022,1882.6
12/14/2022,1897.08
12/13/2022,1899.7
12/12/2022,1902.27
12/11/2022,1885.31
12/7/2022,1917.28
12/6/2022,1933.88
12/5/2022,1938.76
12/4/2022,1963.22
12/1/2022,1961.06
11/30/2022,1949.85
11/29/2022,1953.35
11/28/2022,1950.37
11/27/2022,1965.98
11/24/2022,1933.55
11/23/2022,1921.99
11/22/2022,1929.7
11/17/2022,1936.83
11/16/2022,1911.26
11/15/2022,1897.86
11/14/2022,1904.45
11/13/2022,1883.16
11/10/2022,1893.7
11/9/2022,1917.22
11/8/2022,1956.36
11/7/2022,1958.94
11/6/2022,1965.36
11/3/2022,1922.16
11/2/2022,1938.3
11/1/2022,1930.99
10/31/2022,1874.87
10/23/2022,1858.49
10/20/2022,1844.14
10/19/2022,1845.51
10/17/2022,1858.33
10/16/2022,1860.94
10/13/2022,1870.63
10/12/2022,1866.48
10/11/2022,1855.16
10/10/2022,1871.22
10/9/2022,1898.38
9/29/2022,1853.76
9/28/2022,1837.46
9/27/2022,1831.05
9/25/2022,1815.13
9/22/2022,1838.96
9/21/2022,1848.82
9/20/2022,1837.6
9/18/2022,1876.41
9/16/2022,1910.38
9/15/2022,1924.48
9/14/2022,1981.48
9/13/2022,1934.04
9/12/2022,1912.74
9/11/2022,1926.28
9/8/2022,1937.74
9/7/2022,1939.88
9/6/2022,1951.79
9/5/2022,1973.01
9/4/2022,1977.3
9/2/2022,1970.62
9/1/2022,1972.29
8/31/2022,1973.38
8/30/2022,1995.21
8/29/2022,1993.02
8/28/2022,1989.26
8/26/2022,2022.62
8/25/2022,2039.55
8/24/2022,2057.85
8/23/2022,2054.95
8/22/2022,2053.13
8/21/2022,2060.55
8/18/2022,2068.26
8/17/2022,2040.7
8/16/2022,2041.06
8/15/2022,2065.89
8/14/2022,2010.01
8/11/2022,2037.92
8/10/2022,2056.88
8/9/2022,2062.8
8/8/2022,2106.15
8/7/2022,2123.82
8/5/2022,2113.3
8/4/2022,2148.16
8/3/2022,2186.77
8/2/2022,2193.43
8/1/2022,2196.25
7/31/2022,2195.1
7/29/2022,2140.39
7/28/2022,2127.42
7/27/2022,2111.99
7/26/2022,2088.16
7/25/2022,2132.96
7/24/2022,2078.51
7/22/2022,2017.46
7/21/2022,2044.72
7/20/2022,2050.59
7/19/2022,2045.63
7/18/2022,2029.43
7/17/2022,2011.39
7/15/2022,2009.46
7/14/2022,2001.53
7/13/2022,1986.82
7/12/2022,1927.28
7/11/2022,1915.61
7/8/2022,1992.61
7/7/2022,2027.32
7/6/2022,2043.92
7/5/2022,2030.59
7/4/2022,2076.67
7/3/2022,2086.38
7/1/2022,2028.77
6/30/2022,2037.64
6/29/2022,1962.71
6/28/2022,1921.31
6/27/2022,1933.13
6/26/2022,1956.98
6/24/2022,1862.06
6/23/2022,1848.28
6/22/2022,1893.53
6/21/2022,1924.74
6/20/2022,1884.81
6/19/2022,1934.11
6/17/2022,1971.36
6/16/2022,1978.94
6/15/2022,1966.37
6/14/2022,1996.26
6/13/2022,2032.34
6/10/2022,2048.16
6/9/2022,2062.8
6/8/2022,2080.44
6/7/2022,2020.23
6/6/2022,2065.82
6/3/2022,2078.7
6/2/2022,2112.47
6/1/2022,2130.71
5/31/2022,2137.92
5/30/2022,2173.44
5/27/2022,2223.78
5/26/2022,2239.6
5/25/2022,2231.57
5/24/2022,2217.19
5/23/2022,2200.88
5/20/2022,2235.09
5/19/2022,2250.91
5/18/2022,2274.42
5/17/2022,2265.52
5/12/2022,2350.42
5/11/2022,2369.06
5/10/2022,2313
5/9/2022,2268.84
5/8/2022,2256.57
5/5/2022,2238.62
5/4/2022,2275.68
5/2/2022,2307.44
4/28/2022,2356.17
4/27/2022,2376.17
4/26/2022,2370.99
4/25/2022,2386.01
4/24/2022,2420.91
4/21/2022,2325.45
4/20/2022,2320.51
4/19/2022,2357.24
4/18/2022,2343.87
4/17/2022,2385.64
4/13/2022,2415.24
4/12/2022,2385.02
4/11/2022,2419.71
4/7/2022,2464.31
4/6/2022,2428.75
4/5/2022,2452.06
4/4/2022,2497.47
4/3/2022,2513.41
3/31/2022,2544.3
3/30/2022,2568.25
3/29/2022,2527.58
3/28/2022,2541.84
3/28/2022,2542.28
3/27/2022,2572.23
3/24/2022,2613.67
3/23/2022,2630.36
3/22/2022,2650.7
3/21/2022,2634.65
3/20/2022,2616.58
3/16/2022,2631.32
3/15/2022,2650.97
3/14/2022,2668.11
3/13/2022,2667.97
3/10/2022,2566.9
3/9/2022,2514.58
3/7/2022,2544.93
3/6/2022,2543.39
3/2/2022,2547.04
2/28/2022,2610.6
2/27/2022,2653.7
2/24/2022,2661.44
2/23/2022,2720.43
2/22/2022,2735.93
2/21/2022,2718.51
2/20/2022,2693.1
2/17/2022,2732.52
2/16/2022,2734.44
2/15/2022,2754.29
2/14/2022,2700.98
2/13/2022,2700.89
2/10/2022,2801.56
2/9/2022,2813.52
2/8/2022,2835.58
2/7/2022,2851.86
2/6/2022,2836.17
2/3/2022,2876.74
2/1/2022,2891.3
1/31/2022,2871.05
1/30/2022,2885.53
1/27/2022,2779.98
1/26/2022,2776.65
1/25/2022,2815.06
1/24/2022,2820.65
1/23/2022,2920.51
1/20/2022,2931.34
1/19/2022,2898.31
1/18/2022,2936.66
1/17/2022,2947.38
1/16/2022,2926.74
1/13/2022,2857.75
1/12/2022,2803.62
1/11/2022,2834.13
1/10/2022,2784.95
1/9/2022,2765.47
1/6/2022,2692.47
1/5/2022,2649.2
1/4/2022,2679.95
1/3/2022,2616.94
1/2/2022,2584.91
12/29/2021,2524.5
12/28/2021,2518.99
12/27/2021,2521.65
12/26/2021,2591.42
12/23/2021,2520.23
12/22/2021,2507.7
12/21/2021,2415.55
12/20/2021,2358.81
12/16/2021,2376.74
12/15/2021,2414.62
12/14/2021,2418.85
12/13/2021,2282.01
12/12/2021,2361.27
12/9/2021,2449.97
12/8/2021,2455.81
12/7/2021,2508.91
12/6/2021,2546.09
12/5/2021,2513.89
12/2/2021,2584.61
12/1/2021,2633.66
11/30/2021,2628.37
11/29/2021,2629.98
11/28/2021,2651.49
11/25/2021,2731.78
11/24/2021,2735.01
11/23/2021,2733.14
11/22/2021,2765.44
11/21/2021,2757.53
11/18/2021,2769.13
11/17/2021,2801.52
11/16/2021,2784.58
11/15/2021,2715.35
11/14/2021,2688.92
11/11/2021,2690.29
11/9/2021,2749.86
11/8/2021,2829.65
11/3/2021,2848.84
11/2/2021,2843.62
11/1/2021,2819.87
10/31/2021,2837.62
10/28/2021,2782.17
10/27/2021,2769.13
10/26/2021,2751.07
10/25/2021,2672.25
10/24/2021,2584.53
10/21/2021,2556.96
10/20/2021,2571.66
10/19/2021,2510.73
10/18/2021,2587.45
10/17/2021,2656.97
10/11/2021,2639.38
10/10/2021,2662.58
10/6/2021,2681.11
10/5/2021,2612.65
10/4/2021,2570.81
10/3/2021,2577.5
9/30/2021,2633.42
9/29/2021,2665.94
9/28/2021,2615.4
9/27/2021,2685.42
9/26/2021,2758.48
9/23/2021,2819.66
9/22/2021,2816.95
9/21/2021,2712.07
9/20/2021,2698.25
9/16/2021,2812.39
9/15/2021,2889.03
9/14/2021,2929.29
9/13/2021,2947.7
9/12/2021,2947.42
9/9/2021,2875.98
9/8/2021,2876.59
9/7/2021,2936.61
9/6/2021,2980.79
9/5/2021,2818.73
9/2/2021,2926.74
9/1/2021,2977.02
8/31/2021,2975.84
8/29/2021,3044.87
8/26/2021,3094.05
8/25/2021,3076.45
8/24/2021,3125.01
8/19/2021,3180.86
8/18/2021,3198.19
8/17/2021,3160.32
8/16/2021,3160.09
8/15/2021,3154.34
8/12/2021,3178.91
8/11/2021,3162.41
8/10/2021,3161.56
8/9/2021,3109.6
8/8/2021,3108.13
8/5/2021,3107.45
8/4/2021,3123.15
8/3/2021,3111.09
8/2/2021,3085.07
8/1/2021,3081.07
7/29/2021,3079.82
7/28/2021,3094.95
7/27/2021,3076.3728
7/26/2021,3050.43
7/25/2021,3058.64
7/22/2021,3004.33
7/19/2021,2994.42
7/18/2021,2980.61
7/15/2021,2883.38
7/14/2021,2872.05
7/13/2021,2871.03
7/12/2021,2854.84
7/11/2021,2899.82
7/8/2021,2825.11
7/7/2021,2801.13
7/6/2021,2818.11
7/5/2021,2822.74
7/4/2021,2834.52
7/1/2021,2843
6/30/2021,2823.88
6/29/2021,2828
6/28/2021,2871.6969
6/27/2021,2870.18
6/24/2021,2843
6/23/2021,2859.96
6/22/2021,2913.84
6/21/2021,2834.41
6/20/2021,2905.32
6/17/2021,2968.42
6/16/2021,2969.72
6/15/2021,3022.11
6/14/2021,3025.83
6/13/2021,2983.11
6/10/2021,2944.78
6/9/2021,2946.58
6/8/2021,2960.14
6/7/2021,2906.7
6/6/2021,2906.91
6/3/2021,2856.77
6/2/2021,2827.13
6/1/2021,2771.15
5/31/2021,2782.86
5/30/2021,2827.93
5/27/2021,2815.4
5/25/2021,2816.6
5/24/2021,2823.05
5/23/2021,2820
5/20/2021,2787.19
5/19/2021,2780.81
5/18/2021,2793.81
5/17/2021,2759.22
5/16/2021,2738.3
5/13/2021,2684.01
5/12/2021,2673.88
5/11/2021,2673.32
5/10/2021,2645.85
5/9/2021,2618.63
5/6/2021,2637.13
5/5/2021,2649.6
5/4/2021,2654.03
5/3/2021,2652.58
5/2/2021,2665.11
4/29/2021,2611.11
4/28/2021,2585.28
4/27/2021,2599.08
4/26/2021,2506.62
4/25/2021,2572.21
4/22/2021,2648.01
4/21/2021,2632.21
4/20/2021,2664.62
4/19/2021,2661.94
4/18/2021,2699.51
4/15/2021,2735.4
4/13/2021,2714.79
4/12/2021,2691.56
4/8/2021,2674.36
4/7/2021,2671.62
4/6/2021,2674.47
4/5/2021,2658.75
4/4/2021,2657.61
4/1/2021,2631.9
3/31/2021,2619.03
3/30/2021,2575.67
3/29/2021,2543.52
3/25/2021,2548.97
3/24/2021,2570.31
3/23/2021,2528.96
3/22/2021,2514.4
3/21/2021,2538.47
3/18/2021,2475.09
3/17/2021,2432.15
3/16/2021,2391.75
3/15/2021,2389.19
3/14/2021,2407.26
3/10/2021,2458.49
3/9/2021,2461.88
3/7/2021,2485.1
3/4/2021,2506.68
3/3/2021,2416.01
3/2/2021,2455.33
3/1/2021,2515.03
2/28/2021,2474.39
2/25/2021,2554.13
2/24/2021,2599.07
2/23/2021,2586.51
2/22/2021,2607.67
2/21/2021,2640.34
2/18/2021,2636.68
2/17/2021,2611.45
2/16/2021,2601.51
2/15/2021,2586.01
2/14/2021,2493.59
2/11/2021,2526.92
2/10/2021,2543.03
2/9/2021,2532.46
2/8/2021,2561.47
2/7/2021,2524
2/4/2021,2475.26
2/3/2021,2466.92
2/2/2021,2473.73
2/1/2021,2408.24
1/31/2021,2370.54
1/28/2021,2425.29
1/27/2021,2441.85
1/26/2021,2423.09
1/25/2021,2440.87
1/24/2021,2424.84
1/21/2021,2374.64
1/20/2021,2342.76
1/19/2021,2326.9
1/18/2021,2332.31
1/17/2021,2315
1/13/2021,2286.54
1/12/2021,2267.73
1/11/2021,2239.42
1/10/2021,2235.72
1/7/2021,2194.48
1/6/2021,2178.57
1/5/2021,2165.49
1/4/2021,2169.04
1/3/2021,2175.39
12/31/2020,2087.27
12/30/2020,2062.06
12/29/2020,2012.89
12/28/2020,2007.29
12/27/2020,1998.65
12/24/2020,2038.63
12/23/2020,2068.45
12/22/2020,2061.41
12/21/2020,1965.96
12/20/2020,1935.63
12/17/2020,2032.51
12/16/2020,2055.22
12/15/2020,2061.41
12/14/2020,2067.17
12/13/2020,2010.45
12/10/2020,1964.02
12/9/2020,1955.75
12/8/2020,1995.35
12/7/2020,2004.39
12/6/2020,1932.11
12/3/2020,2055.45
12/2/2020,2071.02
12/1/2020,2000.4
11/30/2020,1997.05
11/29/2020,1968.27
11/26/2020,1893.24
11/25/2020,1874.81
11/24/2020,1810.11
11/23/2020,1780.43
11/22/2020,1782.81
11/19/2020,1778.12
11/18/2020,1741.81
11/12/2020,1718.49
11/11/2020,1707.67
11/10/2020,1678.79
11/9/2020,1652.8
11/8/2020,1648.58
11/5/2020,1636.17
11/4/2020,1640.64
11/3/2020,1643.03
11/2/2020,1637.63
11/1/2020,1640.95
10/29/2020,1645.67
10/28/2020,1647.45
10/22/2020,1606.25
10/21/2020,1597.71
10/20/2020,1583.6
10/19/2020,1570.38
10/18/2020,1556.8
10/15/2020,1562.46
10/14/2020,1561.17
10/13/2020,1568.59
10/12/2020,1578.01
10/11/2020,1576.27
10/8/2020,1589.63
10/7/2020,1600.97
10/6/2020,1586.29
10/5/2020,1582.12
10/4/2020,1585.75
10/1/2020,1571.04
9/30/2020,1550.43
9/29/2020,1553.62
9/28/2020,1560.83
9/27/2020,1565.55
9/24/2020,1561.27
9/23/2020,1555.52
9/22/2020,1546.15
9/21/2020,1569.06
9/20/2020,1575.18
9/17/2020,1572.18
9/16/2020,1541.4
9/15/2020,1536.03
9/14/2020,1540.51
9/13/2020,1537.25
9/10/2020,1520.69
9/9/2020,1508.2
9/8/2020,1495.15
9/7/2020,1487.81
9/6/2020,1499.97
9/3/2020,1510.42
9/2/2020,1510.57
8/31/2020,1484.99
8/30/2020,1462.67
8/27/2020,1458.04
8/26/2020,1462.03
8/25/2020,1440.94
8/24/2020,1431.6
8/23/2020,1410.34
8/20/2020,1397.57
8/19/2020,1391.29
8/18/2020,1407.89
8/17/2020,1402.21
8/16/2020,1391.46
8/13/2020,1408.79
8/12/2020,1425.32
8/11/2020,1423.81
8/10/2020,1430.41
8/9/2020,1392.68
8/6/2020,1381.37
8/5/2020,1382.66
8/3/2020,1403.86
8/2/2020,1396.28
7/30/2020,1439.06
7/29/2020,1431.52
7/28/2020,1454.89
7/27/2020,1462.48
7/26/2020,1465.1
7/23/2020,1442.61
7/22/2020,1432.44
7/21/2020,1449.94
7/20/2020,1464.94
7/19/2020,1479.03
7/16/2020,1394.77
7/15/2020,1362.34
7/14/2020,1347.44
7/13/2020,1342.4
7/12/2020,1340.29
7/9/2020,1331.27
7/8/2020,1326.53
7/7/2020,1336.66
7/6/2020,1298.73
7/5/2020,1265.45
7/2/2020,1256.11
7/1/2020,1336.52
6/30/2020,1260.75
6/29/2020,1188.7
5/13/2020,1201.57
5/12/2020,1226.15
3/22/2020,1251.45
3/19/2020,1269.3
3/18/2020,1255.8
3/17/2020,1272.06
3/16/2020,1316.39
3/15/2020,1313.04
3/12/2020,1377.18
3/11/2020,1423.09
3/10/2020,1349.31
3/5/2020,1435.7
3/4/2020,1441.2
3/3/2020,1509.67
3/2/2020,1495.3
3/1/2020,1591.36
2/27/2020,1632.17
2/26/2020,1596.13
2/25/2020,1545.19
2/24/2020,1502.18
2/23/2020,1504.14
2/20/2020,1434.57
2/19/2020,1405.25
2/18/2020,1400.01
2/17/2020,1398.24
2/16/2020,1363.97
2/13/2020,1344.59
2/12/2020,1345.97
2/11/2020,1341.38
2/10/2020,1324.26
2/9/2020,1319.99
2/6/2020,1333.69
2/5/2020,1342.36
2/4/2020,1337.04
2/3/2020,1349.13
2/2/2020,1346.64
1/30/2020,1325.38
1/29/2020,1305.88
1/28/2020,1306.15
1/27/2020,1300.62
1/26/2020,1276.68
1/23/2020,1297.47
1/22/2020,1313.42
1/21/2020,1320.47
1/20/2020,1317.11
1/19/2020,1343.65
1/16/2020,1310.23
1/15/2020,1284.23
1/14/2020,1263.38
1/13/2020,1270.86
1/12/2020,1255.72
1/9/2020,1213.11
1/8/2020,1209.6
1/7/2020,1216.92
1/6/2020,1200.69
1/5/2020,1182.31
1/2/2020,1166.21
1/1/2020,1169.5
12/31/2019,1166.03
12/30/2019,1167.95
12/29/2019,1162.43
12/26/2019,1167.41
12/25/2019,1168.03
12/24/2019,1166.21
12/23/2019,1168.58
12/22/2019,1150.81
12/19/2019,1149.64
12/18/2019,1152.07
12/17/2019,1155.37
12/16/2019,1154.11
12/15/2019,1167.86
12/12/2019,1172.64
12/11/2019,1161.47
12/10/2019,1151.36
12/9/2019,1148.89
12/8/2019,1135.37
12/5/2019,1131.92
12/4/2019,1124.47
12/3/2019,1115.74
12/2/2019,1111.99
12/1/2019,1112.85
11/28/2019,1112.79
11/27/2019,1117.46
11/26/2019,1109.16
11/25/2019,1110.08
11/24/2019,1110.08
11/21/2019,1120.6
11/20/2019,1128.34
11/19/2019,1129.99
11/18/2019,1131.12
11/17/2019,1131.36
11/14/2019,1135.95
11/13/2019,1135.16
11/12/2019,1139.96
11/11/2019,1145.57
11/10/2019,1131.8
11/7/2019,1131.97
11/6/2019,1138.02
11/5/2019,1139.45
11/4/2019,1140.26
11/3/2019,1139.29
10/31/2019,1146.17
10/24/2019,1149.34
10/23/2019,1142.6
10/22/2019,1134.79
10/21/2019,1132.4
10/20/2019,1133.71
10/17/2019,1137.75
10/16/2019,1137.03
10/15/2019,1142.04
10/14/2019,1136.96
10/10/2019,1149.01
10/3/2019,1149.4
10/2/2019,1140.71
10/1/2019,1145.69
9/30/2019,1135.56
9/29/2019,1125.14
9/26/2019,1129.8
9/25/2019,1131.53
9/24/2019,1134.56
9/23/2019,1140.98
9/22/2019,1139.25
9/19/2019,1155.3
9/18/2019,1172.15
9/17/2019,1150.74
9/16/2019,1123.83
9/15/2019,1140.01
9/12/2019,1157.88
9/11/2019,1163.21
9/10/2019,1166.67
9/9/2019,1168.91
9/8/2019,1178.46
9/5/2019,1191.07
9/4/2019,1194.77
9/3/2019,1190.9
9/2/2019,1170.34
9/1/2019,1184.78
8/29/2019,1196.41
8/28/2019,1197.75
8/27/2019,1208
8/26/2019,1203.13
8/25/2019,1209.62
8/22/2019,1213.06
8/21/2019,1214.05
8/20/2019,1213.63
8/19/2019,1222.06
8/18/2019,1214.83
8/15/2019,1224.03
8/14/2019,1225.9
8/13/2019,1231.07
8/12/2019,1233.85
8/11/2019,1233.71
8/8/2019,1238.56
8/7/2019,1248.48
8/6/2019,1245.73
8/5/2019,1255.09
8/4/2019,1259.64
8/1/2019,1263.84
7/31/2019,1265.57
7/30/2019,1259.37
7/29/2019,1255.98
7/28/2019,1252.8
7/25/2019,1269.92
7/24/2019,1284.07
7/23/2019,1277.17
7/22/2019,1271.23
7/21/2019,1268.74
7/18/2019,1272.49
7/17/2019,1274.86
7/16/2019,1259.01
7/15/2019,1254.56
7/14/2019,1249.49
7/11/2019,1248.53
7/10/2019,1249.15
7/9/2019,1250.27
7/8/2019,1247.35
7/7/2019,1256.04
7/4/2019,1260.47
7/3/2019,1268.68
7/2/2019,1253.06
7/1/2019,1241.61
6/30/2019,1244.89
6/27/2019,1257.15
6/26/2019,1258.29
6/25/2019,1261.07
6/24/2019,1260.1
6/23/2019,1254.35
6/20/2019,1264.36
6/19/2019,1258.46
6/18/2019,1258.66
6/17/2019,1260.9
6/16/2019,1258.27
6/13/2019,1269.55
6/12/2019,1272.49
6/11/2019,1275.99
6/10/2019,1275.82
6/6/2019,1284.59
6/4/2019,1289.28
6/3/2019,1292.84
6/2/2019,1305.68
5/30/2019,1319.47
5/29/2019,1313.88
5/28/2019,1305.49
5/27/2019,1302.96
5/26/2019,1302.61
5/23/2019,1314.55
5/22/2019,1319.63
5/21/2019,1312.14
5/20/2019,1307.71
5/19/2019,1316.84
5/16/2019,1318.71
5/15/2019,1321
5/14/2019,1315.45
5/13/2019,1301.34
5/12/2019,1295.03
5/9/2019,1291.96
5/8/2019,1297.6
5/7/2019,1301.28
5/6/2019,1299.41
5/5/2019,1277.68
5/2/2019,1294.39
4/30/2019,1298.6
4/29/2019,1310.31
4/28/2019,1314.51
4/25/2019,1292.12
4/24/2019,1279.29
4/23/2019,1260.68
4/22/2019,1256.94
4/21/2019,1264.2
4/18/2019,1232.26
4/17/2019,1217.04
4/16/2019,1212.05
4/15/2019,1188.71
4/11/2019,1184.02
4/10/2019,1184.61
4/9/2019,1181.1
4/8/2019,1191.68
4/7/2019,1182.36
4/4/2019,1165.2
4/3/2019,1165.84
4/2/2019,1163.82
4/1/2019,1149.99
3/31/2019,1143.09
3/28/2019,1144.53
3/27/2019,1142.61
3/26/2019,1140.72
3/25/2019,1138.67
3/24/2019,1134.8
3/21/2019,1140.6
3/19/2019,1147.15
3/18/2019,1153.98
3/17/2019,1161.45
3/14/2019,1155.5
3/13/2019,1150.1
3/12/2019,1163.26
3/11/2019,1142.93
3/10/2019,1128.71
3/7/2019,1127.77
3/6/2019,1111.76
3/5/2019,1102.64
3/3/2019,1100.58
2/27/2019,1105.53
2/26/2019,1102.56
2/25/2019,1109.73
2/24/2019,1102.32
2/21/2019,1113.07
2/20/2019,1112.23
2/19/2019,1124.23
2/18/2019,1102.51
2/17/2019,1109.72
2/14/2019,1112.87
2/13/2019,1121.08
2/12/2019,1128.19
2/11/2019,1128.86
2/10/2019,1127.53
2/7/2019,1139.57
2/6/2019,1139.72
2/5/2019,1147.1
2/4/2019,1144.27
2/3/2019,1153.06
1/31/2019,1161.63
1/30/2019,1160.59
1/29/2019,1160.99
1/28/2019,1164.89
1/27/2019,1160.84
1/24/2019,1172.78
1/23/2019,1172.98
1/22/2019,1168.83
1/21/2019,1167.69
1/20/2019,1179.17
1/17/2019,1187.77
1/16/2019,1187.97
1/15/2019,1195.54
1/14/2019,1178.03
1/13/2019,1175.05
1/10/2019,1180.84
1/9/2019,1179.36
1/8/2019,1177.07
1/7/2019,1177.46
1/6/2019,1170.79
1/3/2019,1178.87
1/2/2019,1180.43
1/1/2019,1185.91
12/31/2018,1188.19
12/30/2018,1204.54
12/27/2018,1215.16
12/26/2018,1216.27
12/25/2018,1186.03
12/24/2018,1191.74
12/23/2018,1198.18
12/20/2018,1165.97
12/19/2018,1162.7
12/18/2018,1168.17
12/17/2018,1182.78
12/16/2018,1167.67
12/13/2018,1148.78
12/12/2018,1141.18
12/11/2018,1141.1
12/10/2018,1144.19
12/9/2018,1131.7
12/6/2018,1120.84
12/5/2018,1118.13
12/4/2018,1142.01
12/3/2018,1131.73
12/2/2018,1130.89
11/29/2018,1148.36
11/28/2018,1159.08
11/27/2018,1161.49
11/26/2018,1159.82
11/25/2018,1166.63
11/22/2018,1181.24
11/21/2018,1182.55
11/20/2018,1181.75
11/19/2018,1190.2
11/18/2018,1195.45
11/15/2018,1205.02
11/14/2018,1208.89
11/13/2018,1207.57
11/12/2018,1193.34
11/11/2018,1205.22
11/6/2018,1222.53
11/5/2018,1219.2
11/4/2018,1207.28
11/1/2018,1220.98
10/31/2018,1221.46
10/30/2018,1224.36
10/29/2018,1216.93
10/28/2018,1227.49
10/25/2018,1241.11
10/24/2018,1249.93
10/23/2018,1241.84
10/22/2018,1244.54
10/21/2018,1246.52
10/15/2018,1241.63
10/14/2018,1242.43
10/11/2018,1228.28
10/10/2018,1218.33
10/9/2018,1217.93
10/8/2018,1220.52
10/7/2018,1214.36
10/4/2018,1227.37
10/3/2018,1230.6
10/2/2018,1241.36
10/1/2018,1238.67
9/30/2018,1256.71
9/27/2018,1267.18
9/26/2018,1277.74
9/25/2018,1280.05
9/23/2018,1257.68
9/20/2018,1255.07
9/18/2018,1258.81
9/17/2018,1256.4
9/16/2018,1256.53
9/13/2018,1244.84
9/12/2018,1230.71
9/11/2018,1217.65
9/10/2018,1210.88
9/9/2018,1218.98
9/6/2018,1229.77
9/5/2018,1234.13
9/4/2018,1210.24
9/3/2018,1206.26
9/2/2018,1190.28
8/30/2018,1181.69
8/29/2018,1172.3
8/28/2018,1177.09
8/26/2018,1175.72
8/23/2018,1178.5
8/22/2018,1182.42
8/21/2018,1183.89
8/20/2018,1188.07
8/19/2018,1196.29
8/16/2018,1210.32
8/15/2018,1209.71
8/14/2018,1180.98
8/13/2018,1174.37
8/12/2018,1163.94
8/9/2018,1180.63
8/8/2018,1187.32
8/7/2018,1188.21
8/6/2018,1189.67
8/5/2018,1189.88
8/2/2018,1191.31
8/1/2018,1193.87
7/31/2018,1191.47
7/30/2018,1194.38
7/29/2018,1194.82
7/26/2018,1191.2
7/25/2018,1194.35
7/24/2018,1199.27
7/23/2018,1194.5
7/22/2018,1181.66
7/19/2018,1193.39
7/18/2018,1198.77
7/17/2018,1204.31
7/16/2018,1212.36
7/15/2018,1200.09
7/12/2018,1191.98
7/11/2018,1205.64
7/10/2018,1205.93
7/9/2018,1206.43
7/8/2018,1224.39
7/5/2018,1224.41
7/4/2018,1188.4
7/3/2018,1180.36
7/2/2018,1179.71
7/1/2018,1184.53
6/28/2018,1198.54
6/27/2018,1199.42
6/26/2018,1194.8
6/25/2018,1210.09
6/24/2018,1219.81
6/21/2018,1218.46
6/20/2018,1217.84
6/19/2018,1226.18
6/18/2018,1235.15
6/17/2018,1233.23
6/14/2018,1247.3
6/13/2018,1242.07
6/12/2018,1239.26
6/11/2018,1241.19
6/10/2018,1231.64
6/7/2018,1257.07
6/6/2018,1282.75
6/4/2018,1268.84
6/3/2018,1273.95
5/31/2018,1307.66
5/30/2018,1322.27
5/29/2018,1327.21
5/28/2018,1336.39
5/27/2018,1300.41
5/24/2018,1318.22
5/23/2018,1328.27
5/22/2018,1332.82
5/21/2018,1337.13
5/20/2018,1339.19
5/17/2018,1339.65
5/16/2018,1338.01
5/15/2018,1333.85
5/14/2018,1338.17
5/10/2018,1348.45
5/9/2018,1356.15
5/8/2018,1361.02
5/7/2018,1345.37
5/6/2018,1353.64
5/3/2018,1366.15
5/2/2018,1360.38
4/29/2018,1349.01
4/26/2018,1357.22
4/25/2018,1386.47
4/24/2018,1394.86
4/23/2018,1410.85
4/22/2018,1438.49
4/19/2018,1388.31
4/18/2018,1363.01
4/17/2018,1331.18
4/16/2018,1297.57
4/15/2018,1280.15
4/12/2018,1277.55
4/11/2018,1273.33
4/10/2018,1270.23
4/9/2018,1287.78
4/8/2018,1294.65
4/5/2018,1250.39
4/4/2018,1226.45
4/3/2018,1199
4/2/2018,1192.96
4/1/2018,1196.24
3/29/2018,1220.29
3/28/2018,1204.81
3/27/2018,1207.71
3/26/2018,1168.55
3/22/2018,1220.44
3/21/2018,1231.07
3/20/2018,1255.47
3/19/2018,1270.52
3/18/2018,1278.96
3/15/2018,1288.36
3/14/2018,1285.96
3/13/2018,1281.9
3/12/2018,1277.01
3/11/2018,1284.09
3/7/2018,1315.13
3/6/2018,1296.44
3/5/2018,1287.74
3/4/2018,1304.43
2/28/2018,1345.99
2/27/2018,1364.81
2/26/2018,1358.95
2/25/2018,1374.73
2/22/2018,1386.98
2/21/2018,1387.08
2/20/2018,1396.72
2/18/2018,1413.9
2/15/2018,1424.95
2/14/2018,1388.94
2/12/2018,1380.29
2/11/2018,1384.71
2/8/2018,1391.03
2/7/2018,1382.02
2/6/2018,1394.03
2/5/2018,1400.05
2/4/2018,1410.51
2/1/2018,1411.52
1/31/2018,1404.49
1/29/2018,1402.23
1/28/2018,1405.95
1/25/2018,1404.53
1/24/2018,1394.73
1/23/2018,1393.04
1/22/2018,1402.09
1/21/2018,1402.67
1/17/2018,1406.52
1/16/2018,1413.71
1/14/2018,1431.1
1/10/2018,1440.29
1/9/2018,1456.07
1/8/2018,1443.8
1/7/2018,1431.8
1/4/2018,1423.83
1/3/2018,1416.61
1/2/2018,1437.24
1/1/2018,1434.8
12/31/2017,1390.58
12/28/2017,1414.78
12/27/2017,1425.51
12/26/2017,1447.04
12/24/2017,1467.68
12/21/2017,1472.15
12/20/2017,1484.47
12/19/2017,1493.76
12/18/2017,1508.25
12/17/2017,1509.14
12/14/2017,1520.15
12/13/2017,1520.74
12/12/2017,1510.21
12/11/2017,1527.75
12/10/2017,1530.49
12/6/2017,1536.54
12/5/2017,1524.87
12/4/2017,1526.77
11/30/2017,1537.67
11/29/2017,1536.12
11/28/2017,1523.86
11/27/2017,1513.74
11/26/2017,1514.34
11/23/2017,1493.29
11/22/2017,1480.26
11/21/2017,1472.24
11/20/2017,1469.16
11/19/2017,1475.72
11/16/2017,1489.06
11/15/2017,1504.79
11/14/2017,1516.02
11/13/2017,1490.88
11/12/2017,1477.14
11/9/2017,1460.73
11/8/2017,1466.62
11/7/2017,1484.45
11/6/2017,1493.42
11/5/2017,1496.46
11/2/2017,1522.81
11/1/2017,1526.51
10/31/2017,1533.53
10/30/2017,1536.72
10/29/2017,1540.23
10/25/2017,1553.72
10/24/2017,1567.64
10/23/2017,1568.3
10/22/2017,1571.92
10/18/2017,1568.35
10/17/2017,1559.18
10/16/2017,1564.9
10/15/2017,1518.28
10/12/2017,1510.02
10/11/2017,1505.99
10/10/2017,1502.63
10/9/2017,1501.89
10/8/2017,1510.01
10/4/2017,1542.65
10/3/2017,1556.35
9/26/2017,1549.46
9/25/2017,1545.44
9/24/2017,1536.92
9/20/2017,1539.81
9/18/2017,1543.7
9/17/2017,1547.94
9/14/2017,1530.31
9/13/2017,1493.2
9/12/2017,1502.2
9/11/2017,1523.26
9/10/2017,1519.66
9/7/2017,1554.55
9/6/2017,1566.5
9/4/2017,1554.56
8/31/2017,1580.03
8/30/2017,1598.36
8/28/2017,1612.91
8/27/2017,1622.32
8/24/2017,1617.81
8/23/2017,1611.27
8/22/2017,1614.05
8/21/2017,1611.57
8/20/2017,1617.97
8/17/2017,1629.75
8/16/2017,1632.66
8/15/2017,1629.16
8/13/2017,1642.13
8/10/2017,1653.53
8/9/2017,1661.72
8/7/2017,1667.94
8/6/2017,1665.05
8/3/2017,1660.58
8/2/2017,1662.74
8/1/2017,1660.25
7/31/2017,1652.69
7/30/2017,1643.28
7/27/2017,1646.53
7/26/2017,1645.03
7/25/2017,1636.19
7/24/2017,1629.08
7/23/2017,1635.56
7/20/2017,1635.75
7/19/2017,1637.27
7/18/2017,1638.41
7/17/2017,1604.15
7/16/2017,1583.57
7/13/2017,1582.67
7/12/2017,1587.56
7/11/2017,1585.01
7/10/2017,1575.22
7/9/2017,1584.15
7/6/2017,1582.11
7/5/2017,1551.06
7/4/2017,1541.28
7/3/2017,1544.29
7/2/2017,1541.82
6/28/2017,1563.81
6/27/2017,1565.09
6/25/2017,1567.72
6/22/2017,1559.49
6/21/2017,1554.69
6/20/2017,1551.07
6/19/2017,1555.16
6/18/2017,1575.98
6/15/2017,1589.59
6/14/2017,1584.49
6/13/2017,1585.15
6/12/2017,1580.52
6/11/2017,1590.49
6/8/2017,1615.19
6/7/2017,1623.13
6/6/2017,1637.37
6/5/2017,1602.65
6/4/2017,1593.81
6/1/2017,1604.31
5/31/2017,1608.11
5/30/2017,1594.43
5/28/2017,1615.58
5/24/2017,1629.58
5/23/2017,1626.51
5/22/2017,1616.4
5/21/2017,1627.24
5/18/2017,1643.87
5/17/2017,1644.26
5/16/2017,1649.24
5/15/2017,1659.23
5/11/2017,1658.58
5/9/2017,1650.81
5/8/2017,1637.3
5/7/2017,1628.98
5/4/2017,1653.18
5/3/2017,1662.38
5/2/2017,1658.33
4/30/2017,1650.78
4/27/2017,1670.62
4/26/2017,1670.3
4/25/2017,1672.38
4/24/2017,1675.78
4/23/2017,1693.72
4/20/2017,1658.34
4/19/2017,1662.02
4/18/2017,1612.04
4/16/2017,1651.61
4/13/2017,1697.13
4/12/2017,1703.07
4/11/2017,1709.82
4/10/2017,1676.22
4/9/2017,1651.6
4/6/2017,1651.04
4/4/2017,1657.02
4/3/2017,1660.52
4/2/2017,1667.11
3/30/2017,1587.64
3/29/2017,1588.29
3/28/2017,1610.62
3/26/2017,1533.83
3/23/2017,1486.04
3/22/2017,1481.08
3/21/2017,1462.23
3/20/2017,1424.38
3/19/2017,1382.19
3/16/2017,1357.34
3/15/2017,1356.13
3/14/2017,1347.09
3/13/2017,1355.23
3/9/2017,1347.53
3/7/2017,1341.56
3/6/2017,1358.41
3/5/2017,1354.34
3/2/2017,1329.41
3/1/2017,1316.8
2/28/2017,1299.29
2/26/2017,1313.01
2/23/2017,1337.46
2/22/2017,1344.11
2/21/2017,1357.57
2/20/2017,1365.11
2/19/2017,1369.35
2/16/2017,1343.85
2/15/2017,1316.8
2/14/2017,1274.97
2/13/2017,1278.98
2/12/2017,1252.5
2/9/2017,1296.23
2/8/2017,1322.98
2/7/2017,1344.6
2/6/2017,1348.84
2/5/2017,1364.5
2/2/2017,1382.45
2/1/2017,1389.83
1/31/2017,1326.6
1/30/2017,1309.7
1/26/2017,1375.14
1/25/2017,1396.61
1/24/2017,1432.99
1/23/2017,1457.88
1/22/2017,1465.84
1/19/2017,1462.56
1/18/2017,1462.23
1/17/2017,1463.04
1/16/2017,1466.09
1/15/2017,1477.72
1/12/2017,1479.86
1/11/2017,1476.51
1/10/2017,1476.9
1/9/2017,1458.97
1/8/2017,1447.45
1/5/2017,1454.14
1/4/2017,1457.82
1/3/2017,1456.82
1/2/2017,1482.85
1/1/2017,1465.72
12/29/2016,1443.38
12/28/2016,1413.15
12/27/2016,1407.53
12/26/2016,1432.57
12/22/2016,1475.41
12/21/2016,1470.63
12/20/2016,1495.99
12/19/2016,1514.88
12/18/2016,1531.35
12/15/2016,1530.06
12/14/2016,1516.08
12/12/2016,1509.43
12/11/2016,1522.8
12/8/2016,1544.68
12/7/2016,1553.9
12/6/2016,1554.51
12/5/2016,1544.6
12/4/2016,1570.95
12/1/2016,1600.49
11/30/2016,1608.33
11/29/2016,1553.68
11/28/2016,1510.16
11/27/2016,1469.48
11/24/2016,1534.03
11/23/2016,1540.01
11/22/2016,1582.47
11/21/2016,1606.29
11/20/2016,1599.62
11/17/2016,1658.08
11/16/2016,1698.9
11/15/2016,1701.91
11/14/2016,1706.28
11/13/2016,1700
11/10/2016,1697.17
11/9/2016,1696.86
11/8/2016,1724.49
11/7/2016,1749.12
11/3/2016,1762.21
10/27/2016,1759.71
10/26/2016,1753.46
10/25/2016,1751
10/24/2016,1768.89
10/23/2016,1782.39
10/20/2016,1794.47
10/19/2016,1787.89
10/18/2016,1792.73
10/17/2016,1793.36
10/16/2016,1803.74
10/6/2016,1819.88
10/5/2016,1806.6
10/4/2016,1798.5
10/3/2016,1780.4
10/2/2016,1763.78
9/29/2016,1753.38
9/28/2016,1749.1
9/27/2016,1753.72
9/26/2016,1757.1
9/25/2016,1730.64
9/22/2016,1766.91
9/21/2016,1779.13
9/20/2016,1786.5
9/18/2016,1804.48
9/14/2016,1815.17
9/12/2016,1818.69
9/11/2016,1816.81
9/8/2016,1823.05
9/7/2016,1824.83
9/6/2016,1834.8
9/5/2016,1838.9
9/4/2016,1819.83
9/1/2016,1805.18
8/31/2016,1797.45
8/30/2016,1788.08
8/29/2016,1766.54
8/28/2016,1748.23
8/24/2016,1730.62
8/23/2016,1681.86
8/22/2016,1683.12
8/21/2016,1722.43
8/17/2016,1735.06
8/16/2016,1717.45
8/15/2016,1694.81
8/14/2016,1733.93
8/11/2016,1774.87
8/10/2016,1779.57
8/9/2016,1760.42
8/8/2016,1675.91
8/7/2016,1764.72
8/4/2016,1768.6
8/3/2016,1813.72
8/2/2016,1826.47
8/1/2016,1845.41
7/31/2016,1862.76
7/28/2016,1877.93
7/27/2016,1881.45
7/26/2016,1866.5
7/25/2016,1838.49
7/21/2016,1798.83
7/20/2016,1786.84
7/19/2016,1800.47
7/18/2016,1786.57
7/17/2016,1745.74
7/14/2016,1718.15
7/13/2016,1690.43
7/12/2016,1693.07
7/11/2016,1702.27
7/10/2016,1722.53
7/6/2016,1715.72
7/5/2016,1713.03
7/4/2016,1716.83
7/3/2016,1719.2
6/30/2016,1723.23
6/29/2016,1724.59
6/28/2016,1724.19
6/27/2016,1721.77
6/26/2016,1685.17
6/23/2016,1666.29
6/22/2016,1647.51
6/21/2016,1628.81
6/20/2016,1615.1
6/19/2016,1622.27
6/16/2016,1632.94
6/15/2016,1620.47
6/14/2016,1614.15
6/13/2016,1609.59
6/12/2016,1597.96
6/9/2016,1566.7
6/8/2016,1546.8
6/7/2016,1531.49
6/6/2016,1516.8
6/5/2016,1483.14
6/2/2016,1518.12
6/1/2016,1523.56
5/31/2016,1532.12
5/30/2016,1526.96
5/29/2016,1522.25
5/26/2016,1525.09
5/25/2016,1524.12
5/24/2016,1544.53
5/23/2016,1524.07
5/22/2016,1509.39
5/19/2016,1499.32
5/18/2016,1496.41
5/17/2016,1483.68
5/16/2016,1467.51
5/15/2016,1477.38
5/12/2016,1481.94
5/11/2016,1481.18
5/10/2016,1484.04
5/9/2016,1482.9
5/8/2016,1472.69
5/5/2016,1463.13
5/4/2016,1468.11
5/3/2016,1471.95
5/2/2016,1474.47
4/28/2016,1464.91
4/27/2016,1458.38
4/26/2016,1453.11
4/25/2016,1461.75
4/24/2016,1454.35
4/21/2016,1441.67
4/20/2016,1440.69
4/19/2016,1430.81
4/18/2016,1428.6
4/17/2016,1409.43
4/14/2016,1405.78
4/12/2016,1388.63
4/11/2016,1383.85
4/10/2016,1382.42
4/6/2016,1377.42
4/5/2016,1375.26
4/4/2016,1362.53
4/3/2016,1351.54
3/31/2016,1355.48
3/30/2016,1362.98
3/29/2016,1370.04
3/28/2016,1374.75
3/27/2016,1377.33
3/24/2016,1357.14
3/23/2016,1345.53
3/21/2016,1342.07
3/20/2016,1343.93
3/17/2016,1326.53
3/16/2016,1315.77
3/15/2016,1312.85
3/14/2016,1312.2
3/13/2016,1318.88
3/10/2016,1318.03
3/6/2016,1306.54
3/3/2016,1300.76
3/2/2016,1295.78
3/1/2016,1289.52
2/29/2016,1283.94
2/28/2016,1283.67
2/25/2016,1283.52
2/24/2016,1279.9
2/23/2016,1285.93
2/22/2016,1291.81
2/21/2016,1278.92
2/18/2016,1273.28
2/17/2016,1266.08
2/16/2016,1257.34
2/15/2016,1258.23
2/14/2016,1259.35
2/11/2016,1263.72
2/8/2016,1263.75
2/7/2016,1262.82
2/4/2016,1251.42
2/3/2016,1242.13
2/2/2016,1240.07
2/1/2016,1238.02
1/31/2016,1220.7
1/28/2016,1216.11
1/27/2016,1216.96
1/26/2016,1218.39
1/25/2016,1222.43
1/24/2016,1219.62
1/21/2016,1212.32
1/20/2016,1213.57
1/19/2016,1213.71
1/18/2016,1214.31
1/17/2016,1212
1/14/2016,1190.16
1/13/2016,1180.98
1/12/2016,1173.6
1/11/2016,1168.81
1/10/2016,1167.18
1/7/2016,1164.14
1/6/2016,1149.89
1/5/2016,1146.11
1/4/2016,1154.62
12/31/2015,1151.38
12/29/2015,1142.17
12/28/2015,1131.95
12/27/2015,1135.47
12/24/2015,1137.03
12/23/2015,1133.34
12/22/2015,1138.18
12/21/2015,1131.52
12/20/2015,1118.81
12/17/2015,1110.68
12/16/2015,1116.19
12/15/2015,1121.02
12/14/2015,1120.18
12/13/2015,1118.57
12/10/2015,1119.35
12/9/2015,1122.79
12/8/2015,1107.23
12/7/2015,1107.94
12/6/2015,1102.84
12/3/2015,1072.94
12/2/2015,1062.78
12/1/2015,1066.38
11/30/2015,1034.12
11/29/2015,1022.77
11/26/2015,1044.01
11/25/2015,1056.42
11/24/2015,1066.69
11/23/2015,1075.8
11/22/2015,1071.38
11/19/2015,1094.57
11/18/2015,1099.25
11/16/2015,1094.18
11/15/2015,1100.09
11/10/2015,1109.29
11/9/2015,1107.43
11/8/2015,1086.57
11/5/2015,1090.68
11/4/2015,1092.3
11/3/2015,1085.87
11/2/2015,1091.83
11/1/2015,1088.3
10/29/2015,1092.04
10/28/2015,1084.37
10/27/2015,1091.73
10/25/2015,1121.05
10/19/2015,1127.42
10/18/2015,1119.83
10/15/2015,1134.47
10/14/2015,1135.09
10/11/2015,1143.88
10/8/2015,1162.06
10/7/2015,1149.45
10/6/2015,1158.79
10/5/2015,1171.27
10/4/2015,1183.48
10/1/2015,1178.74
9/30/2015,1181.28
9/29/2015,1169.3
9/28/2015,1160.09
9/24/2015,1176.86
9/23/2015,1183.36
9/22/2015,1156.08
9/17/2015,1196.02
9/16/2015,1202.81
9/15/2015,1205.84
9/14/2015,1194
9/13/2015,1184
9/10/2015,1169
9/9/2015,1173
9/8/2015,1175
9/7/2015,1171
9/6/2015,1167
9/3/2015,1169
9/2/2015,1176
9/1/2015,1191
8/31/2015,1200
8/27/2015,1184
8/26/2015,1176
8/25/2015,1181
8/24/2015,1182
8/23/2015,1185
8/20/2015,1201
8/19/2015,1192
8/18/2015,1160
8/17/2015,1158
8/16/2015,1112
8/13/2015,1088
8/12/2015,1077
8/11/2015,1078
8/10/2015,1081
8/9/2015,1063
8/6/2015,1040
8/5/2015,1034
8/4/2015,1030
8/3/2015,1030
8/2/2015,1034
7/30/2015,1028
7/29/2015,1021
7/28/2015,1028
7/27/2015,1046
7/26/2015,1054
7/23/2015,1003
7/22/2015,963
7/16/2015,961
7/15/2015,951
7/14/2015,946
7/13/2015,944
7/12/2015,945
7/9/2015,943
7/8/2015,943
7/7/2015,941
7/6/2015,937
7/5/2015,938
7/2/2015,939
7/1/2015,946
6/30/2015,949
6/29/2015,946
6/28/2015,938
6/25/2015,930
6/24/2015,928
6/23/2015,926
6/22/2015,922
6/21/2015,918
6/18/2015,925
6/17/2015,928
6/16/2015,931
6/15/2015,934
6/14/2015,928
6/11/2015,938
6/10/2015,956
6/9/2015,967
6/8/2015,945
6/7/2015,931
6/4/2015,927
6/3/2015,925
6/2/2015,902
6/1/2015,890
5/31/2015,872
5/28/2015,842
5/27/2015,838
5/26/2015,860
5/25/2015,881
5/24/2015,910
4/23/2015,938
4/22/2015,942
4/21/2015,945
4/20/2015,945
4/19/2015,946
4/16/2015,950
4/15/2015,944
4/13/2015,948
4/12/2015,952
4/9/2015,947
4/8/2015,942
4/7/2015,936
4/6/2015,938
4/5/2015,934
4/2/2015,940
4/1/2015,940
3/31/2015,946
3/30/2015,939
3/29/2015,942
3/26/2015,942
3/25/2015,951
3/24/2015,954
3/23/2015,957
3/22/2015,964
3/19/2015,968
3/18/2015,964
3/17/2015,963
3/16/2015,959
3/15/2015,971
3/12/2015,978
3/11/2015,984
3/10/2015,984
3/9/2015,989
3/4/2015,983
3/3/2015,981
3/2/2015,985
3/1/2015,976
2/26/2015,979
2/25/2015,971
2/24/2015,971
2/23/2015,974
2/22/2015,971
2/18/2015,983
2/16/2015,987
2/15/2015,990
2/12/2015,985
2/11/2015,981
2/10/2015,981
2/9/2015,981
2/8/2015,986
2/5/2015,984
2/4/2015,987
2/3/2015,988
2/2/2015,991
2/1/2015,991
1/29/2015,987
1/28/2015,988
1/27/2015,975
1/26/2015,969
1/25/2015,969
1/22/2015,959
1/20/2015,963
1/19/2015,975
1/18/2015,945
1/14/2015,940
1/13/2015,937
1/12/2015,928
1/11/2015,928
1/8/2015,931
1/7/2015,925
1/6/2015,917
1/5/2015,920
1/4/2015,918
1/1/2015,904
12/31/2014,902
12/29/2014,907
12/28/2014,904
12/24/2014,888
12/23/2014,877
12/22/2014,885
12/21/2014,897
12/18/2014,904
12/17/2014,900
12/16/2014,910
12/15/2014,917
12/14/2014,910
12/11/2014,871
12/10/2014,856
12/9/2014,849
12/8/2014,848
12/7/2014,851
12/4/2014,854
12/3/2014,850
12/2/2014,846
12/1/2014,851
11/30/2014,857
11/25/2014,863
11/24/2014,864
11/23/2014,869
11/20/2014,863
11/19/2014,854
11/18/2014,844
11/17/2014,848
11/16/2014,866
11/13/2014,881
11/12/2014,884
11/11/2014,893
11/10/2014,885
11/9/2014,895
11/6/2014,905
11/5/2014,905
11/4/2014,897
11/3/2014,904
11/2/2014,921
10/30/2014,930
10/28/2014,933
10/27/2014,935
10/26/2014,930
10/22/2014,929
10/21/2014,924
10/20/2014,926
10/19/2014,926
10/16/2014,924
10/15/2014,923
10/14/2014,912
10/13/2014,909
10/12/2014,915
10/9/2014,922
10/8/2014,925
9/30/2014,938
9/29/2014,937
9/28/2014,917
9/24/2014,912
9/23/2014,896
9/22/2014,882
9/21/2014,884
9/18/2014,900
9/17/2014,913
9/16/2014,920
9/15/2014,909
9/14/2014,902
9/11/2014,911
9/10/2014,911
9/9/2014,920
9/7/2014,876
9/4/2014,922
9/3/2014,934
9/1/2014,947
8/31/2014,953
8/28/2014,972
8/27/2014,960
8/26/2014,922
8/25/2014,948
8/24/2014,985
8/21/2014,998
8/20/2014,996
8/19/2014,1014
8/18/2014,1013
8/14/2014,1034
8/13/2014,1026
8/12/2014,1022
8/7/2014,1041
8/6/2014,1041
8/5/2014,1045
8/4/2014,1039
8/3/2014,1056
7/31/2014,1066
7/30/2014,1062
7/28/2014,1073
7/27/2014,1074
7/24/2014,1079
7/23/2014,1082
7/22/2014,1078
7/21/2014,1084
7/20/2014,1075
7/17/2014,1046
7/16/2014,1036
7/15/2014,1026
7/14/2014,1029
7/13/2014,1037
7/10/2014,1023
7/9/2014,1017
7/8/2014,1015
7/7/2014,995
7/6/2014,986
7/3/2014,973
7/2/2014,972
7/1/2014,957
6/30/2014,946
6/29/2014,943
6/26/2014,936
6/25/2014,932
6/24/2014,924
6/23/2014,918
6/19/2014,927
6/18/2014,932
6/17/2014,935
6/16/2014,939
6/15/2014,928
6/12/2014,905
6/11/2014,900
6/10/2014,895
6/9/2014,885
6/8/2014,883
6/5/2014,879
6/4/2014,883
6/3/2014,885
6/2/2014,880
6/1/2014,869
5/28/2014,867
5/27/2014,857
5/26/2014,861
5/25/2014,861
5/22/2014,852
5/21/2014,848
5/20/2014,844
5/19/2014,844
5/18/2014,850
5/15/2014,853
5/13/2014,852
5/12/2014,853
5/11/2014,850
5/8/2014,857
5/7/2014,866
5/6/2014,862
5/5/2014,847
5/4/2014,831
4/30/2014,823
4/29/2014,816
4/28/2014,814
4/27/2014,818
4/23/2014,820
4/22/2014,815
4/21/2014,808
4/20/2014,808
4/17/2014,811
4/16/2014,811
4/15/2014,819
4/13/2014,818
4/10/2014,811
4/9/2014,802
4/7/2014,796
4/6/2014,797
4/3/2014,801
4/2/2014,803
4/1/2014,801
3/31/2014,792
3/27/2014,783
3/26/2014,781
3/25/2014,780
3/24/2014,783
3/23/2014,775
3/20/2014,775
3/19/2014,765
3/18/2014,755
3/17/2014,769
3/13/2014,783
3/12/2014,781
3/11/2014,788
3/10/2014,794
3/9/2014,797
3/6/2014,806
3/5/2014,810
3/4/2014,800
3/3/2014,811
2/26/2014,826
2/25/2014,829
2/24/2014,830
2/23/2014,832
2/20/2014,823
2/18/2014,815
2/17/2014,804
2/16/2014,801
2/13/2014,803
2/12/2014,798
2/11/2014,797
2/10/2014,803
2/9/2014,784
2/6/2014,786
2/5/2014,781
2/4/2014,775
2/3/2014,770
2/2/2014,776
1/29/2014,781
1/28/2014,782
1/27/2014,780
1/26/2014,784
1/23/2014,786
1/22/2014,784
1/21/2014,785
1/20/2014,790
1/19/2014,795
1/16/2014,795
1/14/2014,787
1/13/2014,782
1/12/2014,782
1/9/2014,773
1/8/2014,772
1/7/2014,762
1/6/2014,757
1/5/2014,758
1/2/2014,764
1/1/2014,754
12/31/2013,771
12/29/2013,780
12/26/2013,787
12/24/2013,777
12/23/2013,769
12/22/2013,795
12/19/2013,806
12/18/2013,807
12/16/2013,771
12/15/2013,733
12/12/2013,714
12/11/2013,711
12/10/2013,700
12/9/2013,704
12/8/2013,702
12/5/2013,707
12/4/2013,701
12/3/2013,678
12/2/2013,662
12/1/2013,652
11/28/2013,644
11/27/2013,647
11/26/2013,649
11/25/2013,648
11/24/2013,657
11/21/2013,634
11/14/2013,600
11/13/2013,600
11/12/2013,598
11/11/2013,591
11/10/2013,580
11/7/2013,579
11/6/2013,579
10/31/2013,579
10/30/2013,579
10/29/2013,576
10/28/2013,575
10/27/2013,578
10/24/2013,580
10/23/2013,581
10/22/2013,582
10/21/2013,588
10/20/2013,584
10/17/2013,572
10/10/2013,567
10/9/2013,560
10/8/2013,557
10/7/2013,556
10/6/2013,552
10/3/2013,545
10/2/2013,543
10/1/2013,542
9/30/2013,542
9/29/2013,542
9/26/2013,542
9/25/2013,543
9/24/2013,542
9/23/2013,538
9/22/2013,542
9/19/2013,549
9/17/2013,552
9/16/2013,552
9/15/2013,550
9/12/2013,550
9/11/2013,548
9/10/2013,548
9/9/2013,552
9/8/2013,552
9/5/2013,546
9/4/2013,546
9/3/2013,548
9/2/2013,550
9/1/2013,552
8/29/2013,551
8/27/2013,552
8/26/2013,547
8/25/2013,548
8/20/2013,548
8/19/2013,544
8/18/2013,540
8/15/2013,536
8/14/2013,537
8/13/2013,538
8/12/2013,539
8/11/2013,539
8/8/2013,543
8/7/2013,542
8/6/2013,543
8/5/2013,541
8/4/2013,547
8/1/2013,547
7/31/2013,548
7/30/2013,546
7/29/2013,539
7/28/2013,534
7/25/2013,529
7/24/2013,530
7/23/2013,533
7/22/2013,533
7/21/2013,536
7/18/2013,522
7/17/2013,512
7/16/2013,509
7/15/2013,518
7/14/2013,511
7/11/2013,506
7/10/2013,505
7/9/2013,506
7/8/2013,501
7/7/2013,494
7/4/2013,494
7/3/2013,494
7/2/2013,494
7/1/2013,494
6/30/2013,493
6/27/2013,496
6/26/2013,498
6/25/2013,494
6/24/2013,489
6/23/2013,488
6/20/2013,488
6/19/2013,490
6/18/2013,491
6/17/2013,493
6/16/2013,495
6/13/2013,494
6/12/2013,495
6/11/2013,496
6/10/2013,496
6/9/2013,497
6/6/2013,498
6/5/2013,498
6/4/2013,498
6/3/2013,499
6/2/2013,497
5/30/2013,500
5/28/2013,501
5/27/2013,504
5/26/2013,499
5/23/2013,497
5/22/2013,499
5/21/2013,500
5/20/2013,497
5/19/2013,498
5/16/2013,500
5/15/2013,494
