date,nepse_index
16/09/2022,"1,910.38"
15/09/2022,"1,924.48"
14/09/2022,"1,981.48"
13/09/2022,"1,934.05"
12/09/2022,"1,912.74"
11/09/2022,"1,926.28"
08/09/2022,"1,937.74"
07/09/2022,"1,939.88"
06/09/2022,"1,951.79"
05/09/2022,"1,973.01"
04/09/2022,"1,977.30"
02/09/2022,"1,970.62"
31/08/2022,"1,973.38"
30/08/2022,"1,995.21"
29/08/2022,"1,993.02"
28/08/2022,"1,989.26"
26/08/2022,"2,022.62"
25/08/2022,"2,039.54"
24/08/2022,"2,057.85"
23/08/2022,"2,054.95"
22/08/2022,"2,053.16"
21/08/2022,"2,060.55"
18/08/2022,"2,068.26"
17/08/2022,"2,040.70"
16/08/2022,"2,041.06"
15/08/2022,"2,065.89"
14/08/2022,"2,010.01"
11/08/2022,"2,037.92"
10/08/2022,"2,057.68"
09/08/2022,"2,060.73"
08/08/2022,"2,106.15"
07/08/2022,"2,123.82"
05/08/2022,"2,113.55"
04/08/2022,"2,148.16"
03/08/2022,"2,186.76"
02/08/2022,"2,193.48"
01/08/2022,"2,196.25"
31/07/2022,"2,195.10"
29/07/2022,"2,140.52"
28/07/2022,"2,127.47"
27/07/2022,"2,111.99"
26/07/2022,"2,088.16"
25/07/2022,"2,132.96"
24/07/2022,"2,078.51"
22/07/2022,"2,017.46"
21/07/2022,"2,044.72"
20/07/2022,"2,050.59"
19/07/2022,"2,045.69"
18/07/2022,"2,029.43"
17/07/2022,"2,011.39"
15/07/2022,"2,009.46"
14/07/2022,"2,001.53"
13/07/2022,"1,986.82"
12/07/2022,"1,927.28"
11/07/2022,"1,915.61"
08/07/2022,"1,992.62"
07/07/2022,"2,027.32"
06/07/2022,"2,043.92"
05/07/2022,"2,030.59"
04/07/2022,"2,076.67"
03/07/2022,"2,086.38"
01/07/2022,"2,028.77"
30/06/2022,"2,037.64"
29/06/2022,"1,962.71"
28/06/2022,"1,921.31"
27/06/2022,"1,933.13"
26/06/2022,"1,956.98"
24/06/2022,"1,862.06"
23/06/2022,"1,848.28"
22/06/2022,"1,893.53"
21/06/2022,"1,922.30"
20/06/2022,"1,884.81"
19/06/2022,"1,934.11"
17/06/2022,"1,971.38"
16/06/2022,"1,978.94"
15/06/2022,"1,966.37"
14/06/2022,"1,996.26"
13/06/2022,"2,032.34"
10/06/2022,"2,048.16"
09/06/2022,"2,062.86"
08/06/2022,"2,080.44"
07/06/2022,"2,020.23"
06/06/2022,"2,065.78"
03/06/2022,"2,078.70"
02/06/2022,"2,112.47"
01/06/2022,"2,130.71"
31/05/2022,"2,137.92"
30/05/2022,"2,178.69"
27/05/2022,"2,223.78"
26/05/2022,"2,239.60"
25/05/2022,"2,231.57"
24/05/2022,"2,217.19"
23/05/2022,"2,200.88"
20/05/2022,"2,235.09"
19/05/2022,"2,250.91"
18/05/2022,"2,274.42"
17/05/2022,"2,265.52"
12/05/2022,"2,350.42"
11/05/2022,"2,369.06"
10/05/2022,"2,313.00"
09/05/2022,"2,268.84"
08/05/2022,"2,256.57"
05/05/2022,"2,238.62"
04/05/2022,"2,275.68"
02/05/2022,"2,307.44"
28/04/2022,"2,356.20"
27/04/2022,"2,376.17"
26/04/2022,"2,370.99"
25/04/2022,"2,386.01"
24/04/2022,"2,420.91"
21/04/2022,"2,325.45"
20/04/2022,"2,320.51"
19/04/2022,"2,357.24"
18/04/2022,"2,343.87"
17/04/2022,"2,385.64"
13/04/2022,"2,415.24"
12/04/2022,"2,385.02"
11/04/2022,"2,419.71"
07/04/2022,"2,464.31"
06/04/2022,"2,428.75"
05/04/2022,"2,452.06"
04/04/2022,"2,497.47"
03/04/2022,"2,513.41"
31/03/2022,"2,544.30"
30/03/2022,"2,568.25"
29/03/2022,"2,527.58"
28/03/2022,"2,541.83"
27/03/2022,"2,572.23"
24/03/2022,"2,613.67"
23/03/2022,"2,630.36"
22/03/2022,"2,650.70"
21/03/2022,"2,634.57"
20/03/2022,"2,616.58"
16/03/2022,"2,631.32"
15/03/2022,"2,650.97"
14/03/2022,"2,668.11"
13/03/2022,"2,667.97"
10/03/2022,"2,566.90"
09/03/2022,"2,514.58"
07/03/2022,"2,544.93"
06/03/2022,"2,543.39"
02/03/2022,"2,547.04"
28/02/2022,"2,610.58"
27/02/2022,"2,653.70"
24/02/2022,"2,661.44"
23/02/2022,"2,720.43"
22/02/2022,"2,735.93"
21/02/2022,"2,718.51"
20/02/2022,"2,693.10"
17/02/2022,"2,732.51"
16/02/2022,"2,734.44"
15/02/2022,"2,754.28"
14/02/2022,"2,700.98"
13/02/2022,"2,700.89"
10/02/2022,"2,801.56"
09/02/2022,"2,813.47"
08/02/2022,"2,835.58"
07/02/2022,"2,851.88"
06/02/2022,"2,836.17"
03/02/2022,"2,876.74"
01/02/2022,"2,891.33"
31/01/2022,"2,872.05"
30/01/2022,"2,885.53"
27/01/2022,"2,779.98"
26/01/2022,"2,776.65"
25/01/2022,"2,815.06"
24/01/2022,"2,820.41"
23/01/2022,"2,920.51"
20/01/2022,"2,931.26"
19/01/2022,"2,898.31"
18/01/2022,"2,936.66"
17/01/2022,"2,947.38"
16/01/2022,"2,926.74"
13/01/2022,"2,857.75"
12/01/2022,"2,803.62"
11/01/2022,"2,834.13"
10/01/2022,"2,784.95"
09/01/2022,"2,765.47"
06/01/2022,"2,692.47"
05/01/2022,"2,649.20"
04/01/2022,"2,679.95"
03/01/2022,"2,616.94"
02/01/2022,"2,584.91"
29/12/2021,"2,524.50"
28/12/2021,"2,518.99"
27/12/2021,"2,521.65"
26/12/2021,"2,591.42"
23/12/2021,"2,520.23"
22/12/2021,"2,507.70"
21/12/2021,"2,415.55"
20/12/2021,"2,358.82"
16/12/2021,"2,376.75"
15/12/2021,"2,414.62"
14/12/2021,"2,418.85"
13/12/2021,"2,281.67"
12/12/2021,"2,361.27"
09/12/2021,"2,449.97"
08/12/2021,"2,455.82"
07/12/2021,"2,508.91"
06/12/2021,"2,546.09"
05/12/2021,"2,513.87"
02/12/2021,"2,584.61"
01/12/2021,"2,633.66"
30/11/2021,"2,628.37"
29/11/2021,"2,630.01"
28/11/2021,"2,651.49"
25/11/2021,"2,731.78"
24/11/2021,"2,735.01"
23/11/2021,"2,733.14"
22/11/2021,"2,765.44"
21/11/2021,"2,757.53"
18/11/2021,"2,769.13"
17/11/2021,"2,801.52"
16/11/2021,"2,784.58"
15/11/2021,"2,715.35"
14/11/2021,"2,688.92"
11/11/2021,"2,690.29"
09/11/2021,"2,749.86"
08/11/2021,"2,829.65"
03/11/2021,"2,848.84"
02/11/2021,"2,843.62"
01/11/2021,"2,819.87"
31/10/2021,"2,837.62"
28/10/2021,"2,782.17"
27/10/2021,"2,769.13"
26/10/2021,"2,751.07"
25/10/2021,"2,672.25"
24/10/2021,"2,584.53"
21/10/2021,"2,556.96"
20/10/2021,"2,571.66"
19/10/2021,"2,510.73"
18/10/2021,"2,587.45"
17/10/2021,"2,656.97"
11/10/2021,"2,639.38"
10/10/2021,"2,662.58"
06/10/2021,"2,681.11"
05/10/2021,"2,612.65"
04/10/2021,"2,570.81"
03/10/2021,"2,577.50"
30/09/2021,"2,633.42"
29/09/2021,"2,665.94"
28/09/2021,"2,615.40"
27/09/2021,"2,685.42"
26/09/2021,"2,758.48"
23/09/2021,"2,819.66"
22/09/2021,"2,816.95"
21/09/2021,"2,712.07"
20/09/2021,"2,698.25"
16/09/2021,"2,812.39"
15/09/2021,"2,889.03"
14/09/2021,"2,929.29"
13/09/2021,"2,947.70"
12/09/2021,"2,947.42"
09/09/2021,"2,875.98"
08/09/2021,"2,876.59"
07/09/2021,"2,936.61"
06/09/2021,"2,980.79"
05/09/2021,"2,818.73"
02/09/2021,"2,926.89"
01/09/2021,"2,976.98"
31/08/2021,"2,975.84"
29/08/2021,"3,044.87"
26/08/2021,"3,094.05"
25/08/2021,"3,076.45"
24/08/2021,"3,124.87"
19/08/2021,"3,180.79"
18/08/2021,"3,198.60"
17/08/2021,"3,160.32"
16/08/2021,"3,160.06"
15/08/2021,"3,154.03"
12/08/2021,"3,179.00"
11/08/2021,"3,162.60"
10/08/2021,"3,161.45"
09/08/2021,"3,109.67"
08/08/2021,"3,108.13"
05/08/2021,"3,107.45"
04/08/2021,"3,123.15"
03/08/2021,"3,111.09"
02/08/2021,"3,085.07"
01/08/2021,"3,081.06"
29/07/2021,"3,079.83"
28/07/2021,"3,094.95"
27/07/2021,"3,079.67"
26/07/2021,"3,050.43"
25/07/2021,"3,058.64"
22/07/2021,"3,004.32"
20/07/2021,"2,985.57"
19/07/2021,"2,994.58"
18/07/2021,"2,980.61"
15/07/2021,"2,883.38"
14/07/2021,"2,872.05"
13/07/2021,"2,871.04"
12/07/2021,"2,854.77"
11/07/2021,"2,899.82"
08/07/2021,"2,824.90"
07/07/2021,"2,801.13"
06/07/2021,"2,818.11"
05/07/2021,"2,822.74"
04/07/2021,"2,834.52"
01/07/2021,"2,843.00"
30/06/2021,"2,823.88"
29/06/2021,"2,828.01"
28/06/2021,"2,875.50"
27/06/2021,"2,870.38"
24/06/2021,"2,843.00"
23/06/2021,"2,862.19"
22/06/2021,"2,913.85"
21/06/2021,"2,834.41"
20/06/2021,"2,905.15"
17/06/2021,"2,968.43"
16/06/2021,"2,969.70"
15/06/2021,"3,022.11"
14/06/2021,"3,025.83"
13/06/2021,"2,983.11"
10/06/2021,"2,944.78"
09/06/2021,"2,946.58"
08/06/2021,"2,960.14"
07/06/2021,"2,906.70"
06/06/2021,"2,906.89"
03/06/2021,"2,856.68"
02/06/2021,"2,827.13"
01/06/2021,"2,771.15"
31/05/2021,"2,782.69"
30/05/2021,"2,827.93"
27/05/2021,"2,815.40"
25/05/2021,"2,816.57"
24/05/2021,"2,823.07"
23/05/2021,"2,820.00"
20/05/2021,"2,787.19"
19/05/2021,"2,780.81"
18/05/2021,"2,793.90"
17/05/2021,"2,759.22"
16/05/2021,"2,738.30"
13/05/2021,"2,684.01"
12/05/2021,"2,673.88"
11/05/2021,"2,673.32"
10/05/2021,"2,645.85"
09/05/2021,"2,618.57"
06/05/2021,"2,637.13"
05/05/2021,"2,649.60"
04/05/2021,"2,654.69"
03/05/2021,"2,652.76"
02/05/2021,"2,665.11"
29/04/2021,"2,611.11"
28/04/2021,"2,585.28"
27/04/2021,"2,599.08"
26/04/2021,"2,506.62"
25/04/2021,"2,572.22"
22/04/2021,"2,648.01"
21/04/2021,"2,632.21"
20/04/2021,"2,664.62"
19/04/2021,"2,661.94"
18/04/2021,"2,699.51"
15/04/2021,"2,735.46"
13/04/2021,"2,714.79"
12/04/2021,"2,691.56"
08/04/2021,"2,674.36"
07/04/2021,"2,671.62"
06/04/2021,"2,674.47"
05/04/2021,"2,658.75"
04/04/2021,"2,657.61"
01/04/2021,"2,631.90"
31/03/2021,"2,619.03"
30/03/2021,"2,575.67"
29/03/2021,"2,543.52"
25/03/2021,"2,548.97"
24/03/2021,"2,570.26"
23/03/2021,"2,528.96"
22/03/2021,"2,514.39"
21/03/2021,"2,538.47"
18/03/2021,"2,475.09"
17/03/2021,"2,432.15"
16/03/2021,"2,391.75"
15/03/2021,"2,389.19"
14/03/2021,"2,407.26"
10/03/2021,"2,458.49"
09/03/2021,"2,461.88"
07/03/2021,"2,485.10"
04/03/2021,"2,506.68"
03/03/2021,"2,416.01"
02/03/2021,"2,455.33"
01/03/2021,"2,515.03"
28/02/2021,"2,474.39"
25/02/2021,"2,554.14"
24/02/2021,"2,599.56"
23/02/2021,"2,586.51"
22/02/2021,"2,607.67"
21/02/2021,"2,640.35"
18/02/2021,"2,636.68"
17/02/2021,"2,611.45"
16/02/2021,"2,601.51"
15/02/2021,"2,586.01"
14/02/2021,"2,493.59"
11/02/2021,"2,526.92"
10/02/2021,"2,543.03"
09/02/2021,"2,534.37"
08/02/2021,"2,561.48"
07/02/2021,"2,524.00"
04/02/2021,"2,475.27"
03/02/2021,"2,466.92"
02/02/2021,"2,473.74"
01/02/2021,"2,408.24"
31/01/2021,"2,370.55"
28/01/2021,"2,425.30"
27/01/2021,"2,441.85"
26/01/2021,"2,423.09"
25/01/2021,"2,440.88"
24/01/2021,"2,424.84"
21/01/2021,"2,374.64"
20/01/2021,"2,342.77"
19/01/2021,"2,326.90"
18/01/2021,"2,332.32"
17/01/2021,"2,315.01"
13/01/2021,"2,286.55"
12/01/2021,"2,267.74"
11/01/2021,"2,239.43"
10/01/2021,"2,235.73"
07/01/2021,"2,194.49"
06/01/2021,"2,178.57"
05/01/2021,"2,165.50"
04/01/2021,"2,169.04"
03/01/2021,"2,175.40"
31/12/2020,"2,087.28"
30/12/2020,"2,062.06"
29/12/2020,"2,012.89"
28/12/2020,"2,007.30"
27/12/2020,"1,998.65"
24/12/2020,"2,038.63"
23/12/2020,"2,068.46"
22/12/2020,"2,061.42"
21/12/2020,"1,965.96"
20/12/2020,"1,935.64"
17/12/2020,"2,032.52"
16/12/2020,"2,055.22"
15/12/2020,"2,061.42"
14/12/2020,"2,067.17"
13/12/2020,"2,010.45"
10/12/2020,"1,964.02"
09/12/2020,"1,955.75"
08/12/2020,"1,995.35"
07/12/2020,"2,004.39"
06/12/2020,"1,932.11"
03/12/2020,"2,055.46"
02/12/2020,"2,071.03"
01/12/2020,"2,000.40"
30/11/2020,"1,997.06"
29/11/2020,"1,968.27"
26/11/2020,"1,893.25"
25/11/2020,"1,874.82"
24/11/2020,"1,810.11"
23/11/2020,"1,780.43"
22/11/2020,"1,782.81"
19/11/2020,"1,778.13"
18/11/2020,"1,741.81"
12/11/2020,"1,718.50"
11/11/2020,"1,707.68"
10/11/2020,"1,678.79"
09/11/2020,"1,652.81"
08/11/2020,"1,648.58"
05/11/2020,"1,636.17"
04/11/2020,"1,640.64"
03/11/2020,"1,643.04"
02/11/2020,"1,637.63"
01/11/2020,"1,640.96"
29/10/2020,"1,645.68"
28/10/2020,"1,647.46"
22/10/2020,"1,606.26"
21/10/2020,"1,597.72"
20/10/2020,"1,583.61"
19/10/2020,"1,570.38"
18/10/2020,"1,556.80"
15/10/2020,"1,562.46"
14/10/2020,"1,561.17"
13/10/2020,"1,568.59"
12/10/2020,"1,578.01"
11/10/2020,"1,576.27"
08/10/2020,"1,589.64"
07/10/2020,"1,600.98"
06/10/2020,"1,586.29"
05/10/2020,"1,582.13"
04/10/2020,"1,585.76"
01/10/2020,"1,571.04"
30/09/2020,"1,550.43"
29/09/2020,"1,553.62"
28/09/2020,"1,560.83"
27/09/2020,"1,565.56"
24/09/2020,"1,561.27"
23/09/2020,"1,555.53"
22/09/2020,"1,546.16"
21/09/2020,"1,569.06"
20/09/2020,"1,575.18"
17/09/2020,"1,572.19"
16/09/2020,"1,541.40"
15/09/2020,"1,536.04"
14/09/2020,"1,540.51"
13/09/2020,"1,537.25"
10/09/2020,"1,520.69"
09/09/2020,"1,508.21"
08/09/2020,"1,495.16"
07/09/2020,"1,487.81"
06/09/2020,"1,499.98"
03/09/2020,"1,510.42"
02/09/2020,"1,510.57"
31/08/2020,"1,484.99"
30/08/2020,"1,462.67"
27/08/2020,"1,458.04"
26/08/2020,"1,462.04"
25/08/2020,"1,440.94"
24/08/2020,"1,431.61"
23/08/2020,"1,410.34"
20/08/2020,"1,397.57"
19/08/2020,"1,391.30"
18/08/2020,"1,407.90"
17/08/2020,"1,402.22"
16/08/2020,"1,391.46"
13/08/2020,"1,408.79"
12/08/2020,"1,425.32"
11/08/2020,"1,423.81"
10/08/2020,"1,430.42"
09/08/2020,"1,392.68"
06/08/2020,"1,381.38"
05/08/2020,"1,386.17"
03/08/2020,"1,403.87"
02/08/2020,"1,396.28"
30/07/2020,"1,439.06"
29/07/2020,"1,431.53"
28/07/2020,"1,454.89"
27/07/2020,"1,462.48"
26/07/2020,"1,465.11"
23/07/2020,"1,442.62"
22/07/2020,"1,432.45"
21/07/2020,"1,449.95"
20/07/2020,"1,464.94"
19/07/2020,"1,479.03"
16/07/2020,"1,394.77"
15/07/2020,"1,362.35"
14/07/2020,"1,347.45"
13/07/2020,"1,342.41"
12/07/2020,"1,340.29"
09/07/2020,"1,331.11"
08/07/2020,"1,326.54"
07/07/2020,"1,336.67"
06/07/2020,"1,298.73"
01/07/2020,"1,336.53"
30/06/2020,"1,260.76"
29/06/2020,"1,188.71"
13/05/2020,"1,201.58"
12/05/2020,"1,226.16"
22/03/2020,"1,251.46"
19/03/2020,"1,269.31"
18/03/2020,"1,255.80"
17/03/2020,"1,272.07"
16/03/2020,"1,316.40"
15/03/2020,"1,313.04"
12/03/2020,"1,377.18"
11/03/2020,"1,423.09"
10/03/2020,"1,349.32"
05/03/2020,"1,435.70"
04/03/2020,"1,441.20"
03/03/2020,"1,509.68"
02/03/2020,"1,495.30"
01/03/2020,"1,591.36"
27/02/2020,"1,632.18"
26/02/2020,"1,596.13"
25/02/2020,"1,545.20"
24/02/2020,"1,502.18"
23/02/2020,"1,504.14"
20/02/2020,"1,434.58"
19/02/2020,"1,405.26"
18/02/2020,"1,400.01"
17/02/2020,"1,398.24"
16/02/2020,"1,363.98"
13/02/2020,"1,344.59"
12/02/2020,"1,345.98"
11/02/2020,"1,341.38"
10/02/2020,"1,324.27"
09/02/2020,"1,319.99"
06/02/2020,"1,333.69"
05/02/2020,"1,342.36"
04/02/2020,"1,337.05"
03/02/2020,"1,349.14"
02/02/2020,"1,346.65"
30/01/2020,"1,325.39"
29/01/2020,"1,305.88"
28/01/2020,"1,306.15"
27/01/2020,"1,300.63"
26/01/2020,"1,276.68"
23/01/2020,"1,297.48"
22/01/2020,"1,313.42"
21/01/2020,"1,320.47"
20/01/2020,"1,317.12"
19/01/2020,"1,343.66"
16/01/2020,"1,310.23"
15/01/2020,"1,284.23"
14/01/2020,"1,263.38"
13/01/2020,"1,270.87"
12/01/2020,"1,255.72"
09/01/2020,"1,213.12"
08/01/2020,"1,209.60"
07/01/2020,"1,216.93"
06/01/2020,"1,200.70"
05/01/2020,"1,182.31"
02/01/2020,"1,166.22"
01/01/2020,"1,169.50"
31/12/2019,"1,166.04"
30/12/2019,"1,167.96"
29/12/2019,"1,162.43"
26/12/2019,"1,167.42"
25/12/2019,"1,168.04"
24/12/2019,"1,166.22"
23/12/2019,"1,168.58"
22/12/2019,"1,150.82"
19/12/2019,"1,149.65"
18/12/2019,"1,152.07"
17/12/2019,"1,155.38"
16/12/2019,"1,154.12"
15/12/2019,"1,167.87"
12/12/2019,"1,172.65"
11/12/2019,"1,161.48"
10/12/2019,"1,151.37"
09/12/2019,"1,148.89"
08/12/2019,"1,135.38"
05/12/2019,"1,131.92"
04/12/2019,"1,124.47"
03/12/2019,"1,115.75"
02/12/2019,"1,111.99"
01/12/2019,"1,112.86"
28/11/2019,"1,112.79"
27/11/2019,"1,117.46"
26/11/2019,"1,109.17"
25/11/2019,"1,110.08"
24/11/2019,"1,110.08"
21/11/2019,"1,120.60"
20/11/2019,"1,128.34"
19/11/2019,"1,129.99"
18/11/2019,"1,131.13"
17/11/2019,"1,131.36"
14/11/2019,"1,135.95"
13/11/2019,"1,135.16"
12/11/2019,"1,139.96"
11/11/2019,"1,145.57"
10/11/2019,"1,131.80"
07/11/2019,"1,131.97"
06/11/2019,"1,138.02"
05/11/2019,"1,139.46"
04/11/2019,"1,140.26"
03/11/2019,"1,139.29"
31/10/2019,"1,146.17"
24/10/2019,"1,149.34"
23/10/2019,"1,142.60"
22/10/2019,"1,134.80"
21/10/2019,"1,132.40"
20/10/2019,"1,133.72"
17/10/2019,"1,137.75"
16/10/2019,"1,137.04"
15/10/2019,"1,142.05"
14/10/2019,"1,136.96"
10/10/2019,"1,149.01"
03/10/2019,"1,149.40"
02/10/2019,"1,140.71"
01/10/2019,"1,145.69"
30/09/2019,"1,135.57"
29/09/2019,"1,125.15"
26/09/2019,"1,129.81"
25/09/2019,"1,131.53"
24/09/2019,"1,134.57"
23/09/2019,"1,140.99"
22/09/2019,"1,139.26"
19/09/2019,"1,155.30"
18/09/2019,"1,173.43"
17/09/2019,"1,150.74"
16/09/2019,"1,123.84"
15/09/2019,"1,140.02"
12/09/2019,"1,157.89"
11/09/2019,"1,163.21"
10/09/2019,"1,166.67"
09/09/2019,"1,168.92"
08/09/2019,"1,178.46"
05/09/2019,"1,191.07"
04/09/2019,"1,194.77"
03/09/2019,"1,190.91"
02/09/2019,"1,170.34"
01/09/2019,"1,184.79"
29/08/2019,"1,196.42"
28/08/2019,"1,197.75"
27/08/2019,"1,208.01"
26/08/2019,"1,203.13"
25/08/2019,"1,209.62"
22/08/2019,"1,213.07"
21/08/2019,"1,214.06"
20/08/2019,"1,213.64"
19/08/2019,"1,222.07"
18/08/2019,"1,214.83"
15/08/2019,"1,224.04"
14/08/2019,"1,225.90"
13/08/2019,"1,231.07"
12/08/2019,"1,233.85"
11/08/2019,"1,233.72"
08/08/2019,"1,238.56"
07/08/2019,"1,248.49"
06/08/2019,"1,245.73"
05/08/2019,"1,255.10"
04/08/2019,"1,259.64"
01/08/2019,"1,263.84"
31/07/2019,"1,265.58"
30/07/2019,"1,259.38"
29/07/2019,"1,255.99"
28/07/2019,"1,252.81"
25/07/2019,"1,269.92"
24/07/2019,"1,284.07"
23/07/2019,"1,277.17"
22/07/2019,"1,271.23"
21/07/2019,"1,268.75"
18/07/2019,"1,272.50"
17/07/2019,"1,274.86"
16/07/2019,"1,259.02"
15/07/2019,"1,254.57"
14/07/2019,"1,249.49"
11/07/2019,"1,248.53"
10/07/2019,"1,249.15"
09/07/2019,"1,250.27"
08/07/2019,"1,247.35"
07/07/2019,"1,256.05"
04/07/2019,"1,260.47"
03/07/2019,"1,268.68"
02/07/2019,"1,253.06"
01/07/2019,"1,242.04"
30/06/2019,"1,244.89"
27/06/2019,"1,257.16"
26/06/2019,"1,258.29"
25/06/2019,"1,261.07"
24/06/2019,"1,260.10"
23/06/2019,"1,254.35"
20/06/2019,"1,264.36"
19/06/2019,"1,258.47"
18/06/2019,"1,258.67"
17/06/2019,"1,260.90"
16/06/2019,"1,258.27"
13/06/2019,"1,269.56"
12/06/2019,"1,272.49"
11/06/2019,"1,275.99"
10/06/2019,"1,275.82"
06/06/2019,"1,284.59"
04/06/2019,"1,289.28"
03/06/2019,"1,292.84"
02/06/2019,"1,305.68"
30/05/2019,"1,319.47"
29/05/2019,"1,313.88"
28/05/2019,"1,305.49"
27/05/2019,"1,302.96"
26/05/2019,"1,302.61"
23/05/2019,"1,314.55"
22/05/2019,"1,319.63"
21/05/2019,"1,312.14"
20/05/2019,"1,307.71"
19/05/2019,"1,316.84"
16/05/2019,"1,318.71"
15/05/2019,"1,321.00"
14/05/2019,"1,315.45"
13/05/2019,"1,301.34"
12/05/2019,"1,295.03"
09/05/2019,"1,291.96"
08/05/2019,"1,297.60"
07/05/2019,"1,301.28"
06/05/2019,"1,299.41"
05/05/2019,"1,277.68"
02/05/2019,"1,294.39"
30/04/2019,"1,298.60"
29/04/2019,"1,310.31"
28/04/2019,"1,314.51"
25/04/2019,"1,292.12"
24/04/2019,"1,279.29"
23/04/2019,"1,260.68"
22/04/2019,"1,256.94"
21/04/2019,"1,264.20"
18/04/2019,"1,232.26"
17/04/2019,"1,217.04"
16/04/2019,"1,212.05"
15/04/2019,"1,188.71"
11/04/2019,"1,184.02"
10/04/2019,"1,184.61"
09/04/2019,"1,181.10"
08/04/2019,"1,191.68"
07/04/2019,"1,182.36"
04/04/2019,"1,165.20"
03/04/2019,"1,165.84"
02/04/2019,"1,163.47"
01/04/2019,"1,149.99"
31/03/2019,"1,143.59"
28/03/2019,"1,144.53"
27/03/2019,"1,140.71"
26/03/2019,"1,140.72"
25/03/2019,"1,138.67"
24/03/2019,"1,134.80"
21/03/2019,"1,140.60"
19/03/2019,"1,147.15"
18/03/2019,"1,153.98"
17/03/2019,"1,161.45"
14/03/2019,"1,155.50"
13/03/2019,"1,150.10"
12/03/2019,"1,163.26"
11/03/2019,"1,142.93"
10/03/2019,"1,128.71"
07/03/2019,"1,127.77"
06/03/2019,"1,111.76"
05/03/2019,"1,102.64"
03/03/2019,"1,100.58"
27/02/2019,"1,105.53"
26/02/2019,"1,102.56"
25/02/2019,"1,109.73"
24/02/2019,"1,102.32"
21/02/2019,"1,113.07"
20/02/2019,"1,112.23"
19/02/2019,"1,124.96"
18/02/2019,"1,102.51"
17/02/2019,"1,109.72"
14/02/2019,"1,112.87"
13/02/2019,"1,121.08"
12/02/2019,"1,128.19"
11/02/2019,"1,128.86"
10/02/2019,"1,127.53"
07/02/2019,"1,139.57"
06/02/2019,"1,139.72"
05/02/2019,"1,147.10"
04/02/2019,"1,144.27"
03/02/2019,"1,153.06"
31/01/2019,"1,161.63"
30/01/2019,"1,160.59"
29/01/2019,"1,160.99"
28/01/2019,"1,164.89"
27/01/2019,"1,162.09"
24/01/2019,"1,172.78"
23/01/2019,"1,172.98"
22/01/2019,"1,168.83"
21/01/2019,"1,168.06"
20/01/2019,"1,179.17"
17/01/2019,"1,187.77"
16/01/2019,"1,187.97"
15/01/2019,"1,195.54"
14/01/2019,"1,186.80"
13/01/2019,"1,175.05"
10/01/2019,"1,180.84"
09/01/2019,"1,179.36"
08/01/2019,"1,177.07"
07/01/2019,"1,177.46"
06/01/2019,"1,170.79"
03/01/2019,"1,178.87"
02/01/2019,"1,180.43"
01/01/2019,"1,185.91"
31/12/2018,"1,187.28"
30/12/2018,"1,204.54"
26/12/2018,"1,216.27"
25/12/2018,"1,186.03"
24/12/2018,"1,191.74"
23/12/2018,"1,198.18"
20/12/2018,"1,165.97"
19/12/2018,"1,162.70"
18/12/2018,"1,168.17"
17/12/2018,"1,182.78"
16/12/2018,"1,167.67"
13/12/2018,"1,148.78"
12/12/2018,"1,141.18"
11/12/2018,"1,141.10"
10/12/2018,"1,144.19"
09/12/2018,"1,131.70"
06/12/2018,"1,120.84"
04/12/2018,"1,142.01"
03/12/2018,"1,131.73"
02/12/2018,"1,130.63"
29/11/2018,"1,148.70"
28/11/2018,"1,159.38"
27/11/2018,"1,161.43"
26/11/2018,"1,160.28"
25/11/2018,"1,166.43"
22/11/2018,"1,181.41"
21/11/2018,"1,182.74"
20/11/2018,"1,181.66"
19/11/2018,"1,189.56"
18/11/2018,"1,194.87"
15/11/2018,"1,205.02"
14/11/2018,"1,208.89"
13/11/2018,"1,207.57"
12/11/2018,"1,193.34"
11/11/2018,"1,205.22"
06/11/2018,"1,222.53"
05/11/2018,"1,219.20"
04/11/2018,"1,207.28"
01/11/2018,"1,220.98"
31/10/2018,"1,221.46"
30/10/2018,"1,224.36"
29/10/2018,"1,216.93"
28/10/2018,"1,227.49"
25/10/2018,"1,241.11"
24/10/2018,"1,249.93"
23/10/2018,"1,241.84"
22/10/2018,"1,244.54"
21/10/2018,"1,246.52"
15/10/2018,"1,241.63"
14/10/2018,"1,242.43"
11/10/2018,"1,228.28"
10/10/2018,"1,218.33"
09/10/2018,"1,217.93"
08/10/2018,"1,220.52"
07/10/2018,"1,214.36"
04/10/2018,"1,227.37"
03/10/2018,"1,230.60"
02/10/2018,"1,241.36"
01/10/2018,"1,238.67"
30/09/2018,"1,256.71"
27/09/2018,"1,267.18"
26/09/2018,"1,277.74"
25/09/2018,"1,280.05"
23/09/2018,"1,257.68"
20/09/2018,"1,255.07"
18/09/2018,"1,258.81"
17/09/2018,"1,256.40"
16/09/2018,"1,256.53"
13/09/2018,"1,244.84"
12/09/2018,"1,230.71"
11/09/2018,"1,217.65"
10/09/2018,"1,210.88"
09/09/2018,"1,218.98"
06/09/2018,"1,229.77"
05/09/2018,"1,234.13"
04/09/2018,"1,210.24"
03/09/2018,"1,206.26"
02/09/2018,"1,190.28"
30/08/2018,"1,181.69"
29/08/2018,"1,172.30"
28/08/2018,"1,177.09"
26/08/2018,"1,175.72"
23/08/2018,"1,178.50"
22/08/2018,"1,182.42"
21/08/2018,"1,183.89"
20/08/2018,"1,188.07"
19/08/2018,"1,196.29"
16/08/2018,"1,210.32"
15/08/2018,"1,209.71"
14/08/2018,"1,180.98"
13/08/2018,"1,174.37"
12/08/2018,"1,163.94"
09/08/2018,"1,180.63"
08/08/2018,"1,187.32"
07/08/2018,"1,188.21"
06/08/2018,"1,189.67"
05/08/2018,"1,189.88"
02/08/2018,"1,191.31"
01/08/2018,"1,193.87"
31/07/2018,"1,191.47"
30/07/2018,"1,194.38"
29/07/2018,"1,194.82"
26/07/2018,"1,191.20"
25/07/2018,"1,194.35"
24/07/2018,"1,199.27"
23/07/2018,"1,194.50"
22/07/2018,"1,181.66"
19/07/2018,"1,193.39"
18/07/2018,"1,198.75"
17/07/2018,"1,204.31"
16/07/2018,"1,212.36"
15/07/2018,"1,200.09"
12/07/2018,"1,191.98"
11/07/2018,"1,205.64"
10/07/2018,"1,205.93"
09/07/2018,"1,206.43"
08/07/2018,"1,224.39"
05/07/2018,"1,224.41"
04/07/2018,"1,188.40"
03/07/2018,"1,180.36"
02/07/2018,"1,179.71"
01/07/2018,"1,184.53"
28/06/2018,"1,198.54"
27/06/2018,"1,199.42"
26/06/2018,"1,194.80"
25/06/2018,"1,210.09"
24/06/2018,"1,219.81"
21/06/2018,"1,218.46"
20/06/2018,"1,217.84"
19/06/2018,"1,226.18"
18/06/2018,"1,235.15"
17/06/2018,"1,233.23"
14/06/2018,"1,247.30"
13/06/2018,"1,242.07"
12/06/2018,"1,239.26"
11/06/2018,"1,241.19"
10/06/2018,"1,231.64"
07/06/2018,"1,257.07"
06/06/2018,"1,282.75"
04/06/2018,"1,268.84"
03/06/2018,"1,273.95"
31/05/2018,"1,307.66"
30/05/2018,"1,322.27"
29/05/2018,"1,327.21"
28/05/2018,"1,336.39"
27/05/2018,"1,300.41"
24/05/2018,"1,318.22"
23/05/2018,"1,328.27"
22/05/2018,"1,332.82"
21/05/2018,"1,337.13"
20/05/2018,"1,339.19"
17/05/2018,"1,339.65"
16/05/2018,"1,338.01"
15/05/2018,"1,333.85"
14/05/2018,"1,338.17"
10/05/2018,"1,348.45"
09/05/2018,"1,356.15"
08/05/2018,"1,361.02"
07/05/2018,"1,345.37"
06/05/2018,"1,353.64"
03/05/2018,"1,366.15"
02/05/2018,"1,360.38"
29/04/2018,"1,349.01"
26/04/2018,"1,357.22"
25/04/2018,"1,386.47"
24/04/2018,"1,394.86"
23/04/2018,"1,410.85"
22/04/2018,"1,438.49"
19/04/2018,"1,388.31"
18/04/2018,"1,363.01"
17/04/2018,"1,331.18"
16/04/2018,"1,297.57"
15/04/2018,"1,280.15"
12/04/2018,"1,277.55"
11/04/2018,"1,273.33"
10/04/2018,"1,270.23"
09/04/2018,"1,287.78"
08/04/2018,"1,294.65"
05/04/2018,"1,250.39"
04/04/2018,"1,226.45"
03/04/2018,"1,199.00"
02/04/2018,"1,192.96"
01/04/2018,"1,196.24"
29/03/2018,"1,220.29"
28/03/2018,"1,204.81"
27/03/2018,"1,207.71"
26/03/2018,"1,168.55"
22/03/2018,"1,220.44"
21/03/2018,"1,231.07"
20/03/2018,"1,255.47"
19/03/2018,"1,270.52"
18/03/2018,"1,278.96"
15/03/2018,"1,288.36"
14/03/2018,"1,285.96"
13/03/2018,"1,281.90"
12/03/2018,"1,277.01"
11/03/2018,"1,284.09"
07/03/2018,"1,315.13"
06/03/2018,"1,296.44"
05/03/2018,"1,287.74"
04/03/2018,"1,304.43"
28/02/2018,"1,345.99"
27/02/2018,"1,364.81"
26/02/2018,"1,358.95"
25/02/2018,"1,374.73"
22/02/2018,"1,386.98"
21/02/2018,"1,387.08"
20/02/2018,"1,396.72"
18/02/2018,"1,413.89"
15/02/2018,"1,424.95"
14/02/2018,"1,388.94"
12/02/2018,"1,380.29"
11/02/2018,"1,384.71"
08/02/2018,"1,391.03"
07/02/2018,"1,382.02"
06/02/2018,"1,394.03"
05/02/2018,"1,400.05"
04/02/2018,"1,410.51"
01/02/2018,"1,411.52"
31/01/2018,"1,404.49"
29/01/2018,"1,402.23"
28/01/2018,"1,405.95"
25/01/2018,"1,404.53"
24/01/2018,"1,394.73"
23/01/2018,"1,393.04"
22/01/2018,"1,402.09"
21/01/2018,"1,402.67"
17/01/2018,"1,406.52"
16/01/2018,"1,413.71"
14/01/2018,"1,431.10"
10/01/2018,"1,440.29"
09/01/2018,"1,456.07"
08/01/2018,"1,443.80"
07/01/2018,"1,431.80"
04/01/2018,"1,423.83"
03/01/2018,"1,416.61"
02/01/2018,"1,437.24"
01/01/2018,"1,434.80"
31/12/2017,"1,390.58"
28/12/2017,"1,414.78"
27/12/2017,"1,425.51"
26/12/2017,"1,447.04"
24/12/2017,"1,467.68"
21/12/2017,"1,472.15"
20/12/2017,"1,484.47"
19/12/2017,"1,493.76"
18/12/2017,"1,508.25"
17/12/2017,"1,509.14"
14/12/2017,"1,518.03"
13/12/2017,"1,520.74"
12/12/2017,"1,510.21"
11/12/2017,"1,527.75"
10/12/2017,"1,530.49"
06/12/2017,"1,536.54"
05/12/2017,"1,524.87"
04/12/2017,"1,526.77"
30/11/2017,"1,537.67"
29/11/2017,"1,536.12"
28/11/2017,"1,523.86"
27/11/2017,"1,513.74"
26/11/2017,"1,514.34"
23/11/2017,"1,493.29"
22/11/2017,"1,480.26"
21/11/2017,"1,472.24"
20/11/2017,"1,469.16"
19/11/2017,"1,475.72"
16/11/2017,"1,489.06"
15/11/2017,"1,504.79"
14/11/2017,"1,516.02"
13/11/2017,"1,490.88"
12/11/2017,"1,477.14"
09/11/2017,"1,460.73"
08/11/2017,"1,466.62"
07/11/2017,"1,484.45"
06/11/2017,"1,493.42"
05/11/2017,"1,496.46"
02/11/2017,"1,522.81"
01/11/2017,"1,526.51"
31/10/2017,"1,533.53"
30/10/2017,"1,536.72"
29/10/2017,"1,540.23"
25/10/2017,"1,553.72"
24/10/2017,"1,567.64"
23/10/2017,"1,568.30"
22/10/2017,"1,571.92"
18/10/2017,"1,568.35"
17/10/2017,"1,559.18"
16/10/2017,"1,564.90"
15/10/2017,"1,518.28"
12/10/2017,"1,510.02"
11/10/2017,"1,505.99"
10/10/2017,"1,502.63"
09/10/2017,"1,501.89"
08/10/2017,"1,510.01"
04/10/2017,"1,542.65"
03/10/2017,"1,556.35"
26/09/2017,"1,549.46"
25/09/2017,"1,545.44"
24/09/2017,"1,536.92"
20/09/2017,"1,539.81"
18/09/2017,"1,543.70"
17/09/2017,"1,547.94"
14/09/2017,"1,530.31"
13/09/2017,"1,493.20"
12/09/2017,"1,502.20"
11/09/2017,"1,523.26"
10/09/2017,"1,519.66"
07/09/2017,"1,554.55"
06/09/2017,"1,566.50"
04/09/2017,"1,554.56"
31/08/2017,"1,580.03"
30/08/2017,"1,598.36"
28/08/2017,"1,612.91"
27/08/2017,"1,622.32"
24/08/2017,"1,617.81"
23/08/2017,"1,611.27"
22/08/2017,"1,614.05"
21/08/2017,"1,611.57"
20/08/2017,"1,617.97"
17/08/2017,"1,629.75"
16/08/2017,"1,632.66"
15/08/2017,"1,629.16"
13/08/2017,"1,642.13"
10/08/2017,"1,653.53"
09/08/2017,"1,661.72"
07/08/2017,"1,667.94"
06/08/2017,"1,665.05"
03/08/2017,"1,660.58"
02/08/2017,"1,662.74"
01/08/2017,"1,660.25"
31/07/2017,"1,652.69"
30/07/2017,"1,643.28"
27/07/2017,"1,646.53"
26/07/2017,"1,645.03"
25/07/2017,"1,636.19"
24/07/2017,"1,629.08"
23/07/2017,"1,635.56"
20/07/2017,"1,635.75"
19/07/2017,"1,637.27"
18/07/2017,"1,638.41"
17/07/2017,"1,604.15"
16/07/2017,"1,583.57"
13/07/2017,"1,582.67"
12/07/2017,"1,587.56"
11/07/2017,"1,585.01"
10/07/2017,"1,575.22"
09/07/2017,"1,584.15"
06/07/2017,"1,582.11"
05/07/2017,"1,551.06"
04/07/2017,"1,541.28"
03/07/2017,"1,544.29"
02/07/2017,"1,541.82"
28/06/2017,"1,563.81"
27/06/2017,"1,565.09"
25/06/2017,"1,567.72"
22/06/2017,"1,559.49"
21/06/2017,"1,554.69"
20/06/2017,"1,551.07"
19/06/2017,"1,555.16"
18/06/2017,"1,575.98"
15/06/2017,"1,589.59"
14/06/2017,"1,584.49"
13/06/2017,"1,585.15"
12/06/2017,"1,580.52"
11/06/2017,"1,590.49"
08/06/2017,"1,615.19"
07/06/2017,"1,623.13"
06/06/2017,"1,637.37"
05/06/2017,"1,602.65"
04/06/2017,"1,593.81"
01/06/2017,"1,604.31"
31/05/2017,"1,608.11"
30/05/2017,"1,594.43"
28/05/2017,"1,615.58"
24/05/2017,"1,629.58"
23/05/2017,"1,626.51"
22/05/2017,"1,616.40"
21/05/2017,"1,627.24"
18/05/2017,"1,643.87"
17/05/2017,"1,644.26"
16/05/2017,"1,649.24"
15/05/2017,"1,659.23"
11/05/2017,"1,658.58"
09/05/2017,"1,650.81"
08/05/2017,"1,637.30"
07/05/2017,"1,628.98"
04/05/2017,"1,653.18"
03/05/2017,"1,662.38"
02/05/2017,"1,658.33"
30/04/2017,"1,650.78"
27/04/2017,"1,670.62"
26/04/2017,"1,670.30"
25/04/2017,"1,672.38"
24/04/2017,"1,675.78"
23/04/2017,"1,693.72"
20/04/2017,"1,658.34"
19/04/2017,"1,662.02"
18/04/2017,"1,612.04"
16/04/2017,"1,651.61"
13/04/2017,"1,697.13"
12/04/2017,"1,703.07"
11/04/2017,"1,709.82"
10/04/2017,"1,676.22"
09/04/2017,"1,651.60"
06/04/2017,"1,651.04"
04/04/2017,"1,657.02"
03/04/2017,"1,660.52"
02/04/2017,"1,667.11"
30/03/2017,"1,587.64"
29/03/2017,"1,588.29"
28/03/2017,"1,610.62"
26/03/2017,"1,533.83"
23/03/2017,"1,486.04"
22/03/2017,"1,481.08"
21/03/2017,"1,462.23"
20/03/2017,"1,424.38"
19/03/2017,"1,382.19"
16/03/2017,"1,357.34"
15/03/2017,"1,356.13"
14/03/2017,"1,347.09"
13/03/2017,"1,355.23"
09/03/2017,"1,347.53"
07/03/2017,"1,341.56"
02/03/2017,"1,329.41"
01/03/2017,"1,316.80"
28/02/2017,"1,299.29"
26/02/2017,"1,313.01"
23/02/2017,"1,337.46"
22/02/2017,"1,344.11"
21/02/2017,"1,357.57"
20/02/2017,"1,365.11"
19/02/2017,"1,369.35"
16/02/2017,"1,343.85"
15/02/2017,"1,316.80"
14/02/2017,"1,274.97"
13/02/2017,"1,278.98"
12/02/2017,"1,252.50"
09/02/2017,"1,296.23"
08/02/2017,"1,322.98"
07/02/2017,"1,344.60"
06/02/2017,"1,348.84"
05/02/2017,"1,364.50"
02/02/2017,"1,382.45"
01/02/2017,"1,389.83"
31/01/2017,"1,326.60"
30/01/2017,"1,309.70"
26/01/2017,"1,375.14"
25/01/2017,"1,396.61"
24/01/2017,"1,432.99"
23/01/2017,"1,457.88"
22/01/2017,"1,465.84"
19/01/2017,"1,462.56"
18/01/2017,"1,462.23"
17/01/2017,"1,463.04"
16/01/2017,"1,466.09"
15/01/2017,"1,477.72"
12/01/2017,"1,479.86"
11/01/2017,"1,476.51"
10/01/2017,"1,476.90"
09/01/2017,"1,458.97"
08/01/2017,"1,447.45"
05/01/2017,"1,454.14"
04/01/2017,"1,457.82"
03/01/2017,"1,456.82"
02/01/2017,"1,482.85"
01/01/2017,"1,465.72"
29/12/2016,"1,443.38"
28/12/2016,"1,413.15"
27/12/2016,"1,407.53"
26/12/2016,"1,432.57"
22/12/2016,"1,475.41"
21/12/2016,"1,470.63"
20/12/2016,"1,495.99"
19/12/2016,"1,514.88"
18/12/2016,"1,531.35"
15/12/2016,"1,530.06"
14/12/2016,"1,516.08"
12/12/2016,"1,509.43"
11/12/2016,"1,522.80"
08/12/2016,"1,544.68"
07/12/2016,"1,553.90"
06/12/2016,"1,554.51"
05/12/2016,"1,544.60"
04/12/2016,"1,570.95"
01/12/2016,"1,600.49"
30/11/2016,"1,608.33"
29/11/2016,"1,553.68"
28/11/2016,"1,510.16"
27/11/2016,"1,469.48"
24/11/2016,"1,534.03"
23/11/2016,"1,540.01"
22/11/2016,"1,582.47"
21/11/2016,"1,606.29"
20/11/2016,"1,599.62"
17/11/2016,"1,658.08"
16/11/2016,"1,698.90"
15/11/2016,"1,701.91"
14/11/2016,"1,706.28"
13/11/2016,"1,700.00"
10/11/2016,"1,697.17"
09/11/2016,"1,696.86"
08/11/2016,"1,724.49"
07/11/2016,"1,749.12"
03/11/2016,"1,762.21"
27/10/2016,"1,759.71"
26/10/2016,"1,753.46"
25/10/2016,"1,751.00"
24/10/2016,"1,768.89"
23/10/2016,"1,782.39"
20/10/2016,"1,794.47"
19/10/2016,"1,787.89"
18/10/2016,"1,792.73"
17/10/2016,"1,793.36"
16/10/2016,"1,803.74"
06/10/2016,"1,819.88"
05/10/2016,"1,806.60"
04/10/2016,"1,798.50"
03/10/2016,"1,780.40"
02/10/2016,"1,763.78"
29/09/2016,"1,753.38"
28/09/2016,"1,749.10"
27/09/2016,"1,753.72"
26/09/2016,"1,757.10"
25/09/2016,"1,730.64"
22/09/2016,"1,766.91"
21/09/2016,"1,779.13"
20/09/2016,"1,786.50"
18/09/2016,"1,804.48"
14/09/2016,"1,815.17"
12/09/2016,"1,818.69"
11/09/2016,"1,816.81"
08/09/2016,"1,823.05"
07/09/2016,"1,824.83"
06/09/2016,"1,834.80"
05/09/2016,"1,838.90"
04/09/2016,"1,819.83"
01/09/2016,"1,805.18"
31/08/2016,"1,797.45"
30/08/2016,"1,788.08"
29/08/2016,"1,766.54"
28/08/2016,"1,748.23"
24/08/2016,"1,730.62"
23/08/2016,"1,681.86"
22/08/2016,"1,683.12"
21/08/2016,"1,722.43"
17/08/2016,"1,735.06"
16/08/2016,"1,717.45"
15/08/2016,"1,694.81"
14/08/2016,"1,733.93"
11/08/2016,"1,774.87"
10/08/2016,"1,777.06"
09/08/2016,"1,760.42"
08/08/2016,"1,675.91"
07/08/2016,"1,764.72"
04/08/2016,"1,768.60"
03/08/2016,"1,813.72"
02/08/2016,"1,826.47"
01/08/2016,"1,845.41"
31/07/2016,"1,862.76"
28/07/2016,"1,877.93"
27/07/2016,"1,881.45"
26/07/2016,"1,866.50"
25/07/2016,"1,838.49"
21/07/2016,"1,798.83"
20/07/2016,"1,786.84"
19/07/2016,"1,800.47"
18/07/2016,"1,786.57"
17/07/2016,"1,745.74"
14/07/2016,"1,718.15"
13/07/2016,"1,690.43"
12/07/2016,"1,693.07"
11/07/2016,"1,702.27"
10/07/2016,"1,722.53"
06/07/2016,"1,715.72"
05/07/2016,"1,713.21"
04/07/2016,"1,716.83"
03/07/2016,"1,719.20"
30/06/2016,"1,723.23"
29/06/2016,"1,724.59"
28/06/2016,"1,724.19"
27/06/2016,"1,712.84"
26/06/2016,"1,685.17"
23/06/2016,"1,666.29"
22/06/2016,"1,647.51"
21/06/2016,"1,628.81"
20/06/2016,"1,615.10"
19/06/2016,"1,622.27"
16/06/2016,"1,632.94"
15/06/2016,"1,620.47"
14/06/2016,"1,614.15"
13/06/2016,"1,609.59"
12/06/2016,"1,597.96"
09/06/2016,"1,566.70"
08/06/2016,"1,546.80"
07/06/2016,"1,531.49"
06/06/2016,"1,516.80"
05/06/2016,"1,483.14"
02/06/2016,"1,518.12"
01/06/2016,"1,523.56"
31/05/2016,"1,532.12"
30/05/2016,"1,526.96"
29/05/2016,"1,522.25"
26/05/2016,"1,525.09"
25/05/2016,"1,524.12"
24/05/2016,"1,544.53"
23/05/2016,"1,524.07"
22/05/2016,"1,509.39"
19/05/2016,"1,499.32"
18/05/2016,"1,496.41"
17/05/2016,"1,483.68"
16/05/2016,"1,467.51"
15/05/2016,"1,477.38"
12/05/2016,"1,481.94"
11/05/2016,"1,481.18"
10/05/2016,"1,484.04"
09/05/2016,"1,482.90"
08/05/2016,"1,472.69"
05/05/2016,"1,463.13"
04/05/2016,"1,468.11"
03/05/2016,"1,471.95"
02/05/2016,"1,474.47"
28/04/2016,"1,464.91"
27/04/2016,"1,458.38"
26/04/2016,"1,453.11"
25/04/2016,"1,461.75"
24/04/2016,"1,454.35"
21/04/2016,"1,441.67"
20/04/2016,"1,440.69"
19/04/2016,"1,430.81"
18/04/2016,"1,428.60"
17/04/2016,"1,409.43"
14/04/2016,"1,405.78"
12/04/2016,"1,388.63"
11/04/2016,"1,383.85"
10/04/2016,"1,382.42"
06/04/2016,"1,377.42"
05/04/2016,"1,375.26"
04/04/2016,"1,362.53"
03/04/2016,"1,351.54"
31/03/2016,"1,355.48"
30/03/2016,"1,362.98"
29/03/2016,"1,370.04"
28/03/2016,"1,374.75"
27/03/2016,"1,377.33"
24/03/2016,"1,357.14"
23/03/2016,"1,345.53"
21/03/2016,"1,342.07"
20/03/2016,"1,343.93"
17/03/2016,"1,326.53"
16/03/2016,"1,315.77"
15/03/2016,"1,312.85"
14/03/2016,"1,312.20"
13/03/2016,"1,318.88"
10/03/2016,"1,318.03"
06/03/2016,"1,306.54"
03/03/2016,"1,300.76"
02/03/2016,"1,295.78"
01/03/2016,"1,289.52"
29/02/2016,"1,283.94"
28/02/2016,"1,283.67"
25/02/2016,"1,283.52"
24/02/2016,"1,279.90"
23/02/2016,"1,285.93"
22/02/2016,"1,291.81"
21/02/2016,"1,278.92"
18/02/2016,"1,273.28"
17/02/2016,"1,266.08"
16/02/2016,"1,257.34"
15/02/2016,"1,258.23"
14/02/2016,"1,259.35"
11/02/2016,"1,263.72"
08/02/2016,"1,263.75"
07/02/2016,"1,262.82"
04/02/2016,"1,251.42"
03/02/2016,"1,242.13"
02/02/2016,"1,240.07"
01/02/2016,"1,238.02"
31/01/2016,"1,220.70"
28/01/2016,"1,216.11"
27/01/2016,"1,216.96"
26/01/2016,"1,218.39"
25/01/2016,"1,222.43"
24/01/2016,"1,219.62"
21/01/2016,"1,212.32"
20/01/2016,"1,213.57"
19/01/2016,"1,213.71"
18/01/2016,"1,214.31"
17/01/2016,"1,209.67"
14/01/2016,"1,190.16"
13/01/2016,"1,180.98"
12/01/2016,"1,173.60"
11/01/2016,"1,168.81"
10/01/2016,"1,167.18"
07/01/2016,"1,164.14"
06/01/2016,"1,149.89"
05/01/2016,"1,146.77"
04/01/2016,"1,154.62"
03/01/2016,"1,160.84"
31/12/2015,"1,151.38"
29/12/2015,"1,142.17"
28/12/2015,"1,131.95"
27/12/2015,"1,135.47"
24/12/2015,"1,137.03"
23/12/2015,"1,133.34"
22/12/2015,"1,138.18"
21/12/2015,"1,131.52"
20/12/2015,"1,118.95"
17/12/2015,"1,110.68"
16/12/2015,"1,116.19"
15/12/2015,"1,121.02"
14/12/2015,"1,120.18"
13/12/2015,"1,118.57"
10/12/2015,"1,119.35"
09/12/2015,"1,122.79"
08/12/2015,"1,107.23"
07/12/2015,"1,107.94"
06/12/2015,"1,102.84"
03/12/2015,"1,072.94"
02/12/2015,"1,062.78"
01/12/2015,"1,066.38"
30/11/2015,"1,034.12"
29/11/2015,"1,022.77"
26/11/2015,"1,044.01"
25/11/2015,"1,056.42"
24/11/2015,"1,066.69"
23/11/2015,"1,075.80"
22/11/2015,"1,071.38"
19/11/2015,"1,094.57"
18/11/2015,"1,099.25"
16/11/2015,"1,094.18"
15/11/2015,"1,100.09"
10/11/2015,"1,109.29"
09/11/2015,"1,107.43"
08/11/2015,"1,086.57"
05/11/2015,"1,090.68"
04/11/2015,"1,092.30"
03/11/2015,"1,086.20"
02/11/2015,"1,091.83"
01/11/2015,"1,088.30"
29/10/2015,"1,092.04"
28/10/2015,"1,084.37"
27/10/2015,"1,091.73"
25/10/2015,"1,121.05"
19/10/2015,"1,127.42"
18/10/2015,"1,119.83"
15/10/2015,"1,134.47"
14/10/2015,"1,135.09"
11/10/2015,"1,143.88"
08/10/2015,"1,162.06"
07/10/2015,"1,149.45"
06/10/2015,"1,158.79"
05/10/2015,"1,171.27"
04/10/2015,"1,183.48"
01/10/2015,"1,178.74"
30/09/2015,"1,181.28"
29/09/2015,"1,169.30"
28/09/2015,"1,160.09"
24/09/2015,"1,176.86"
23/09/2015,"1,183.36"
22/09/2015,"1,156.08"
17/09/2015,"1,196.02"
16/09/2015,"1,202.81"
15/09/2015,"1,205.84"
14/09/2015,"1,194.11"
13/09/2015,"1,183.93"
10/09/2015,"1,168.71"
09/09/2015,"1,173.16"
08/09/2015,"1,174.69"
07/09/2015,"1,170.97"
06/09/2015,"1,166.69"
03/09/2015,"1,169.40"
02/09/2015,"1,176.26"
01/09/2015,"1,191.34"
31/08/2015,"1,200.15"
27/08/2015,"1,183.76"
26/08/2015,"1,175.57"
25/08/2015,"1,181.41"
24/08/2015,"1,181.75"
23/08/2015,"1,184.67"
20/08/2015,"1,200.92"
19/08/2015,"1,191.92"
18/08/2015,"1,159.93"
17/08/2015,"1,157.60"
16/08/2015,"1,112.05"
13/08/2015,"1,088.42"
12/08/2015,"1,077.19"
11/08/2015,"1,077.78"
10/08/2015,"1,081.36"
09/08/2015,"1,063.41"
06/08/2015,"1,040.36"
04/08/2015,"1,029.92"
03/08/2015,"1,030.40"
30/07/2015,"1,027.98"
29/07/2015,"1,021.33"
28/07/2015,"1,028.14"
27/07/2015,"1,046.40"
26/07/2015,"1,053.95"
23/07/2015,"1,003.38"
22/07/2015,963.27
16/07/2015,961.23
15/07/2015,950.72
14/07/2015,946.46
13/07/2015,944
12/07/2015,944.96
09/07/2015,943.43
08/07/2015,943.16
07/07/2015,941.36
06/07/2015,936.76
05/07/2015,938.02
02/07/2015,938.96
01/07/2015,945.78
30/06/2015,949.13
29/06/2015,946.33
28/06/2015,938
25/06/2015,930.38
24/06/2015,928.13
23/06/2015,926.09
22/06/2015,922.47
21/06/2015,917.97
18/06/2015,924.6
17/06/2015,927.85
16/06/2015,930.7
15/06/2015,933.73
14/06/2015,928.35
11/06/2015,937.96
10/06/2015,955.66
09/06/2015,966.59
08/06/2015,945.49
07/06/2015,931.17
04/06/2015,926.84
02/06/2015,901.98
01/06/2015,890.43
31/05/2015,871.94
28/05/2015,841.96
27/05/2015,837.83
26/05/2015,859.97
25/05/2015,880.53
24/05/2015,909.82
23/04/2015,938.19
22/04/2015,942.02
21/04/2015,945.12
20/04/2015,944.98
19/04/2015,945.7
16/04/2015,949.92
15/04/2015,944.13
13/04/2015,948.36
12/04/2015,952.03
09/04/2015,946.89
08/04/2015,942.15
07/04/2015,935.53
06/04/2015,938.12
05/04/2015,934.25
02/04/2015,940.09
01/04/2015,939.54
31/03/2015,945.74
30/03/2015,939.1
29/03/2015,942.3
26/03/2015,942.4
25/03/2015,951.29
24/03/2015,953.84
23/03/2015,956.59
22/03/2015,964.12
19/03/2015,967.62
18/03/2015,964.24
17/03/2015,963.46
16/03/2015,959.14
15/03/2015,970.68
12/03/2015,978.44
11/03/2015,984.06
10/03/2015,984.43
09/03/2015,988.77
04/03/2015,983.49
03/03/2015,981.42
02/03/2015,984.85
01/03/2015,975.67
26/02/2015,979.27
25/02/2015,970.62
24/02/2015,970.77
23/02/2015,973.95
22/02/2015,971.47
18/02/2015,982.65
16/02/2015,987.05
15/02/2015,989.87
12/02/2015,984.51
11/02/2015,981.01
10/02/2015,980.54
09/02/2015,980.7
08/02/2015,986.02
05/02/2015,984.22
04/02/2015,987.03
03/02/2015,987.55
02/02/2015,990.76
01/02/2015,991.44
29/01/2015,986.66
28/01/2015,988.07
27/01/2015,975.14
26/01/2015,968.63
25/01/2015,969.05
22/01/2015,959.24
20/01/2015,962.8
19/01/2015,975.45
18/01/2015,945.36
14/01/2015,939.53
13/01/2015,937.48
12/01/2015,927.8
11/01/2015,928.33
08/01/2015,930.97
07/01/2015,924.54
06/01/2015,917.41
05/01/2015,919.77
04/01/2015,917.5
01/01/2015,903.68
31/12/2014,902.33
29/12/2014,907.23
28/12/2014,903.72
24/12/2014,887.8
23/12/2014,877.21
22/12/2014,885.44
21/12/2014,896.61
18/12/2014,903.89
17/12/2014,900.4
16/12/2014,910.2
15/12/2014,916.74
14/12/2014,910.01
11/12/2014,870.63
10/12/2014,855.51
09/12/2014,848.73
08/12/2014,848.41
07/12/2014,850.88
04/12/2014,853.76
03/12/2014,850.16
02/12/2014,846.41
01/12/2014,851.43
30/11/2014,856.88
25/11/2014,863.01
24/11/2014,864.31
23/11/2014,869.15
20/11/2014,862.5
19/11/2014,853.95
18/11/2014,844.06
17/11/2014,848.18
16/11/2014,866.16
13/11/2014,881.04
12/11/2014,884.35
11/11/2014,892.52
10/11/2014,884.74
09/11/2014,895.41
06/11/2014,904.92
05/11/2014,904.67
04/11/2014,897.46
03/11/2014,904.03
02/11/2014,921.3
30/10/2014,930.21
28/10/2014,934.13
27/10/2014,935.01
26/10/2014,930.33
22/10/2014,928.99
21/10/2014,924.34
20/10/2014,925.5
19/10/2014,925.85
16/10/2014,923.59
15/10/2014,923.12
14/10/2014,911.84
13/10/2014,910.35
12/10/2014,915.04
09/10/2014,921.88
08/10/2014,925.21
30/09/2014,937.99
29/09/2014,937.31
28/09/2014,916.63
24/09/2014,912.32
23/09/2014,896.01
22/09/2014,881.87
21/09/2014,883.51
18/09/2014,899.89
17/09/2014,913.42
16/09/2014,919.88
15/09/2014,909.39
14/09/2014,902.15
11/09/2014,910.65
10/09/2014,910.62
09/09/2014,920.06
07/09/2014,875.56
04/09/2014,921.69
03/09/2014,933.96
01/09/2014,946.6
31/08/2014,952.6
28/08/2014,972.17
27/08/2014,960.43
26/08/2014,921.86
25/08/2014,947.84
24/08/2014,985.45
21/08/2014,997.12
20/08/2014,995.71
19/08/2014,"1,013.62"
18/08/2014,"1,013.25"
14/08/2014,"1,034.39"
13/08/2014,"1,026.21"
12/08/2014,"1,021.86"
07/08/2014,"1,040.59"
06/08/2014,"1,041.22"
05/08/2014,"1,044.74"
04/08/2014,"1,039.03"
03/08/2014,"1,056.43"
31/07/2014,"1,066.09"
30/07/2014,"1,062.44"
28/07/2014,"1,072.82"
27/07/2014,"1,073.93"
24/07/2014,"1,079.09"
23/07/2014,"1,081.51"
22/07/2014,"1,077.65"
21/07/2014,"1,083.55"
20/07/2014,"1,074.97"
17/07/2014,"1,045.89"
16/07/2014,"1,036.11"
15/07/2014,"1,025.69"
14/07/2014,"1,028.94"
13/07/2014,"1,036.98"
10/07/2014,"1,023.47"
09/07/2014,"1,016.50"
08/07/2014,"1,014.67"
07/07/2014,995.19
06/07/2014,986.34
03/07/2014,972.85
02/07/2014,972.48
01/07/2014,956.6
30/06/2014,945.82
29/06/2014,943.48
26/06/2014,937.05
25/06/2014,932.19
24/06/2014,923.55
23/06/2014,917.58
19/06/2014,926.5
18/06/2014,932.22
17/06/2014,935.49
16/06/2014,938.85
15/06/2014,927.56
12/06/2014,904.61
11/06/2014,899.53
10/06/2014,895.02
09/06/2014,885.21
08/06/2014,883.21
05/06/2014,879.33
04/06/2014,882.94
03/06/2014,884.7
02/06/2014,880.17
01/06/2014,869.18
30/05/2014,866.57
28/05/2014,866.57
27/05/2014,856.52
26/05/2014,860.6
25/05/2014,861.47
22/05/2014,852.06
21/05/2014,848.47
20/05/2014,844.42
19/05/2014,844.49
18/05/2014,849.67
15/05/2014,853.2
13/05/2014,852.06
12/05/2014,852.68
11/05/2014,849.63
08/05/2014,856.76
07/05/2014,866.25
06/05/2014,861.5
05/05/2014,861.5
04/05/2014,830.71
30/04/2014,823.24
29/04/2014,816.25
28/04/2014,814.16
27/04/2014,818.62
23/04/2014,820.38
22/04/2014,815.47
21/04/2014,808.09
20/04/2014,808.45
17/04/2014,811.12
16/04/2014,811.46
15/04/2014,818.58
13/04/2014,817.65
10/04/2014,811.34
09/04/2014,801.72
07/04/2014,795.93
06/04/2014,797.35
03/04/2014,800.58
02/04/2014,802.96
01/04/2014,800.99
31/03/2014,792.19
27/03/2014,783.15
26/03/2014,781.02
25/03/2014,780.49
24/03/2014,782.76
23/03/2014,774.76
20/03/2014,775.28
19/03/2014,764.91
18/03/2014,754.99
17/03/2014,768.54
13/03/2014,783.08
12/03/2014,780.51
11/03/2014,787.99
10/03/2014,793.57
09/03/2014,796.5
06/03/2014,805.65
05/03/2014,810.47
04/03/2014,800.05
03/03/2014,811.04
26/02/2014,825.7
25/02/2014,829.44
24/02/2014,829.89
23/02/2014,831.86
20/02/2014,822.67
18/02/2014,814.56
17/02/2014,803.73
16/02/2014,801.32
13/02/2014,803.1
12/02/2014,798.33
11/02/2014,796.55
10/02/2014,803.13
09/02/2014,784
06/02/2014,785.78
05/02/2014,781.38
04/02/2014,774.91
03/02/2014,769.51
02/02/2014,775.92
